"Country","Days since outbreak","Counts.Household contacts","Counts.Total contacts","Counts.Times left home","Counts.Handwashes","Scores.Isolate.Willingness if symptoms","Scores.Isolate.Willingness if advised","Scores.Isolate.Difficulty","Scores.Masks.Outside home","Scores.Masks.Grocery store","Scores.Masks.Clothing store","Scores.Masks.Work","Scores.Masks.Public transport","Scores.Avoidance.Symptomatic people","Scores.Avoidance.Going out","Scores.Avoidance.Healthcare settings","Scores.Avoidance.Public transport","Scores.Avoidance.Working outside home","Scores.Avoidance.Children going to school","Scores.Avoidance.Having guests","Scores.Avoidance.Gatherings.Small","Scores.Avoidance.Gatherings.Medium","Scores.Avoidance.Gatherings.Large","Scores.Avoidance.Crowded areas","Scores.Avoidance.Shops","Scores.Precautions.Cleaned surfaces","Scores.Precautions.Covered mouth sneeze","Scores.Precautions.Used hand sanitiser","Scores.Outlooks.Covid is dangerous","Scores.Outlooks.Likely to get covid","Scores.Outlooks.Life greatly impacted"
"Australia","85","2.0","8.2","1.0","11.5","85.8","14.3","91.9","23.9","0.0","0.0","0.0","0.0","86.6","77.6","72.9","83.3","59.4","79.1","87.2","85.7","90.9","92.7","89.8","60.2","64.4","91.8","72.9","0.0","0.0","0.0"
"Australia","115","2.3","8.0","1.1","10.3","83.0","13.6","90.3","24.1","0.0","0.0","0.0","0.0","82.2","67.9","66.3","80.2","54.6","70.0","80.6","76.7","84.3","89.2","84.7","53.8","60.6","90.3","75.1","0.0","0.0","0.0"
"Australia","146","2.5","14.3","1.3","9.6","80.8","13.9","89.3","22.2","16.9","15.8","22.0","19.1","77.3","51.6","54.4","70.4","43.3","40.9","61.8","54.5","63.8","76.1","75.7","40.4","57.4","90.6","77.0","49.2","18.9","46.1"
"Australia","176","2.4","13.0","1.4","10.5","83.7","14.0","90.5","24.9","21.7","20.5","26.7","24.3","78.5","51.3","51.9","69.9","41.2","39.4","60.2","53.0","64.4","76.4","77.5","40.5","57.9","91.2","81.2","55.7","24.6","49.2"
"Australia","207","2.5","14.4","1.3","10.2","84.2","13.8","90.7","49.5","46.9","41.4","41.8","43.3","77.0","55.7","54.4","70.0","42.1","38.4","65.9","59.9","67.3","76.7","77.5","44.1","59.1","92.8","80.9","54.0","20.7","52.2"
"Australia","238","2.1","15.5","1.4","9.6","83.2","15.7","88.8","48.1","46.0","39.5","40.3","42.4","74.2","49.1","50.2","65.6","40.9","40.5","59.2","52.9","60.9","72.6","72.5","37.8","58.1","90.2","78.8","52.9","19.6","51.1"
"Australia","268","2.2","17.7","1.4","10.0","81.0","14.7","89.4","43.2","41.2","35.3","37.4","38.5","72.4","42.2","46.8","61.8","30.0","27.3","53.4","46.7","55.2","66.9","68.7","31.0","56.4","92.1","79.1","49.1","18.0","43.8"
"Australia","299","3.2","19.9","1.5","9.0","78.5","16.3","88.5","45.2","43.1","39.7","40.1","42.3","71.8","39.7","44.6","60.1","40.9","30.7","50.5","43.2","52.2","63.3","66.6","28.6","54.7","91.3","80.3","47.6","19.8","45.7"
"Australia","329","2.3","19.5","1.4","10.3","78.0","16.6","89.4","41.7","41.6","36.7","32.1","39.5","73.3","37.9","48.1","61.6","35.5","30.8","47.5","39.9","47.4","58.7","64.5","28.6","55.0","89.7","78.8","52.5","19.4","41.3"
"Australia","360","2.2","20.5","1.4","10.8","80.2","16.1","89.6","53.7","55.8","49.2","40.7","50.1","77.3","42.0","54.3","63.9","40.7","32.4","52.5","45.8","53.3","65.5","67.6","33.7","0.0","90.5","81.0","49.9","17.8","43.7"
"Australia","391","2.1","24.2","1.6","10.5","80.9","14.2","88.2","50.7","48.9","45.0","39.9","51.7","76.7","38.5","49.3","60.6","33.1","30.9","52.2","42.5","50.0","61.1","65.3","29.6","0.0","91.3","79.3","46.7","20.6","43.1"
"Australia","419","2.5","24.2","1.6","9.3","80.9","15.7","87.8","39.6","37.5","32.0","28.2","41.7","70.4","32.5","44.1","53.8","27.5","25.0","44.5","36.4","41.8","52.4","57.3","24.5","0.0","88.8","76.3","44.6","19.7","38.3"
"Australia","450","2.9","26.2","1.6","9.3","80.0","14.1","86.7","38.3","35.2","30.5","29.0","42.2","69.7","31.9","44.8","52.8","29.6","28.0","42.9","36.1","41.5","51.0","55.8","25.8","0.0","89.1","73.9","45.2","20.7","38.3"
"Australia","480","2.5","29.1","1.6","10.3","81.0","15.1","88.9","36.3","30.6","26.8","31.5","42.3","68.7","33.3","43.2","52.9","27.1","30.7","42.3","35.5","41.4","49.5","53.5","25.9","0.0","89.5","74.7","47.8","22.9","42.6"
"Brazil","85","2.7","6.9","1.1","14.9","89.3","22.7","88.7","56.3","0.0","0.0","0.0","0.0","91.8","82.6","88.1","89.6","78.5","86.1","86.0","87.1","90.8","93.2","91.5","87.4","75.2","90.5","84.6","0.0","0.0","0.0"
"Brazil","115","3.3","5.5","1.1","14.1","88.5","24.5","90.2","93.7","0.0","0.0","0.0","0.0","91.6","83.6","87.5","88.3","74.8","88.6","86.3","86.3","90.6","93.1","92.3","86.1","80.1","92.6","92.2","0.0","0.0","0.0"
"Brazil","146","3.3","9.5","1.6","17.8","89.5","25.9","87.0","97.2","97.2","94.6","87.1","91.8","92.6","78.7","85.7","83.6","59.3","82.0","82.1","82.4","86.6","91.9","90.1","81.5","72.9","92.4","92.7","75.5","28.7","67.4"
"Brazil","176","3.7","7.5","2.0","17.0","85.8","24.5","82.6","96.5","96.9","93.8","90.9","92.6","91.1","75.2","84.4","81.1","57.8","81.9","80.2","80.2","86.2","92.0","89.3","77.2","72.3","92.5","91.8","72.5","27.6","60.5"
"Brazil","207","3.6","9.0","1.9","19.2","84.9","26.0","84.4","96.4","98.2","96.5","89.4","94.0","91.6","74.9","83.6","79.5","53.4","82.8","77.8","77.7","83.3","89.4","89.6","75.6","72.6","94.3","94.1","70.9","27.9","61.1"
"Brazil","238","3.5","10.8","1.7","15.6","84.6","24.1","84.8","96.6","97.7","95.9","90.5","92.9","89.4","71.1","80.3","78.1","51.1","80.8","75.9","74.5","81.1","88.5","88.3","72.2","70.6","93.4","94.1","71.1","28.1","59.4"
"Canada","85","2.4","5.1","0.9","12.4","85.9","14.8","92.5","29.3","0.0","0.0","0.0","0.0","89.8","78.3","83.9","86.2","65.8","83.2","90.7","87.0","90.7","93.7","93.1","78.1","72.3","91.7","71.4","0.0","0.0","0.0"
"Canada","115","3.2","6.9","1.1","12.2","82.2","14.0","88.9","44.8","0.0","0.0","0.0","0.0","87.1","68.3","78.5","82.9","55.2","77.4","84.8","78.6","86.1","91.4","89.9","71.8","67.1","90.4","72.4","0.0","0.0","0.0"
"Canada","146","3.0","9.5","1.4","11.7","81.9","16.7","88.4","53.7","50.1","44.6","39.9","43.2","84.0","59.0","72.9","77.8","45.3","65.6","74.7","65.5","74.4","86.1","84.5","60.6","64.0","90.4","76.7","47.2","20.3","51.1"
"Canada","176","2.8","9.7","1.5","12.6","79.1","16.1","90.6","67.8","67.8","61.8","53.7","56.8","83.7","50.3","65.7","75.2","37.3","54.0","65.1","53.5","64.7","81.9","81.6","52.0","66.9","91.1","84.3","54.4","18.9","54.0"
"Canada","207","2.6","11.7","1.6","13.1","79.7","15.4","88.4","83.9","84.9","79.6","65.8","71.1","85.7","47.8","65.4","72.4","35.3","48.4","62.9","51.2","62.9","80.2","82.3","48.6","67.1","94.6","86.4","56.7","20.1","57.5"
"Canada","238","2.8","13.0","1.5","12.7","82.6","17.0","89.7","87.7","90.1","83.5","70.5","73.5","84.9","47.4","64.2","73.4","30.8","30.4","61.6","53.0","63.8","81.7","79.3","46.2","67.5","94.7","86.9","56.1","19.5","57.0"
"Canada","268","3.4","11.1","1.4","13.2","79.4","18.6","87.4","88.7","91.1","86.2","73.2","76.3","87.3","52.7","70.0","76.3","33.3","31.1","70.4","62.0","72.4","86.1","83.1","49.5","66.5","94.0","86.7","57.5","19.6","58.3"
"Canada","299","2.5","9.4","1.2","12.4","82.9","18.2","88.6","91.5","93.5","88.0","74.6","78.5","89.2","55.3","70.3","75.2","33.8","31.3","73.4","67.3","76.7","87.6","83.9","51.5","67.8","95.3","86.7","57.0","18.2","59.2"
"Canada","329","2.2","9.0","1.2","10.7","81.3","16.9","87.6","94.5","95.5","91.9","86.4","81.0","90.1","66.2","74.3","82.0","43.3","45.4","83.8","79.0","84.4","92.3","86.7","61.0","70.2","95.0","87.3","58.5","19.2","62.6"
"Canada","360","2.3","6.8","1.1","11.7","83.8","16.3","89.1","92.1","96.4","87.8","86.3","81.2","92.8","74.9","80.1","84.7","48.3","51.7","87.6","84.3","90.2","93.6","90.4","70.9","0.0","95.8","88.5","58.6","19.4","61.7"
"Canada","391","2.2","6.9","1.3","11.5","83.6","15.8","88.1","92.7","95.4","88.3","84.0","82.7","91.8","69.8","78.6","82.7","46.7","42.2","85.2","82.8","88.9","93.2","88.5","65.4","0.0","95.5","87.1","53.1","19.2","59.8"
"Canada","419","2.3","8.4","1.3","12.4","83.6","14.9","87.8","91.6","95.9","89.9","81.9","82.5","91.5","65.3","75.1","81.0","46.9","40.8","83.0","80.5","85.6","91.0","87.1","62.8","0.0","95.2","88.3","52.4","18.8","57.1"
"Canada","450","2.2","8.7","1.3","12.7","82.4","16.6","87.1","90.9","95.0","88.9","81.2","83.1","92.3","66.1","76.2","81.3","49.5","47.3","84.6","79.9","85.6","91.7","89.5","64.1","0.0","95.5","87.0","52.5","19.4","56.9"
"Canada","480","2.4","9.5","1.4","12.7","83.0","15.4","87.2","90.8","95.8","87.8","82.8","82.7","92.1","65.2","75.5","80.6","49.1","47.9","84.0","80.3","85.0","90.8","87.8","63.6","0.0","95.0","86.8","52.6","17.2","57.9"
"China","85","2.8","12.2","1.6","4.8","28.7","5.9","88.4","91.3","0.0","0.0","0.0","0.0","82.8","69.3","76.0","72.5","55.9","73.7","75.0","69.3","79.2","83.0","84.3","60.3","64.7","87.9","72.6","0.0","0.0","0.0"
"China","115","3.1","13.9","1.9","4.5","26.4","6.0","84.1","89.3","0.0","0.0","0.0","0.0","82.5","61.2","70.6","67.4","47.2","62.9","69.2","62.0","74.1","80.2","81.1","54.5","62.8","87.7","69.7","0.0","0.0","0.0"
"China","146","2.9","18.5","2.2","4.2","25.1","7.9","83.1","86.0","84.2","84.5","72.2","92.8","78.4","53.7","66.5","59.9","42.9","43.9","60.5","55.7","66.2","73.7","76.6","47.6","60.1","85.7","67.0","55.2","8.4","56.1"
"China","176","3.3","17.6","2.0","4.1","23.1","9.0","80.4","85.3","78.8","78.6","60.1","90.1","79.1","47.8","63.9","55.6","36.4","38.1","55.7","51.9","64.3","72.5","75.2","43.6","56.3","85.6","64.0","59.4","8.5","54.5"
"China","207","2.8","16.8","2.0","4.4","24.8","7.4","83.5","84.6","75.8","75.1","61.2","89.6","78.9","47.2","63.2","51.5","37.7","37.2","54.6","49.5","61.1","70.0","72.4","40.5","56.9","86.1","65.0","59.8","9.3","52.9"
"China","238","2.7","18.6","2.2","4.0","22.3","9.7","80.5","80.2","68.9","69.1","54.1","87.7","74.3","45.3","55.5","49.3","36.2","21.9","46.3","46.4","56.1","66.0","69.1","40.3","58.1","84.9","64.9","56.3","9.4","52.2"
"Denmark","85","2.1","8.9","1.8","17.0","89.7","16.1","89.3","5.4","0.0","0.0","0.0","0.0","80.3","48.1","69.6","82.4","54.4","59.9","82.1","73.4","84.3","92.4","89.4","48.1","47.2","87.6","71.1","0.0","0.0","0.0"
"Denmark","115","2.1","11.0","2.0","16.3","85.4","18.8","84.6","6.5","0.0","0.0","0.0","0.0","73.2","32.6","62.1","70.9","37.4","28.2","64.2","48.5","65.7","83.3","79.3","33.0","46.9","84.6","76.2","0.0","0.0","0.0"
"Denmark","146","1.9","20.0","2.2","15.3","84.9","19.2","83.9","4.3","3.6","2.0","5.8","3.0","67.6","20.2","51.8","61.6","21.3","18.1","44.0","31.6","45.3","65.0","70.4","21.1","37.9","83.8","75.2","28.3","32.2","16.2"
"Denmark","176","2.7","20.1","2.3","14.3","82.8","17.9","83.6","4.2","4.3","3.8","5.8","4.3","59.9","15.4","42.9","52.5","17.0","18.9","32.0","23.5","34.7","53.5","56.7","15.2","38.7","84.1","79.4","30.9","29.8","15.4"
"Denmark","207","2.9","23.3","2.2","16.3","85.8","19.1","84.7","9.7","6.6","5.4","9.2","11.9","62.6","18.1","43.5","59.1","15.0","15.4","35.0","25.8","36.1","51.2","61.2","18.5","38.8","83.9","82.5","31.3","31.8","15.8"
"Denmark","238","1.9","21.1","2.0","15.2","85.4","20.4","83.8","22.0","6.8","5.5","9.4","36.6","63.2","18.3","42.0","57.6","17.5","13.3","34.8","26.2","37.4","52.8","62.5","18.0","37.2","86.1","83.5","32.8","33.2","21.1"
"Denmark","268","2.1","14.5","2.0","14.9","85.6","17.1","76.9","33.7","17.2","13.4","19.6","46.7","68.9","21.5","46.0","59.2","24.2","14.3","41.6","32.8","47.1","64.4","69.1","20.7","41.0","86.6","83.0","33.0","33.4","22.5"
"Denmark","299","2.3","12.9","1.9","14.0","87.5","17.7","77.7","82.4","91.6","72.6","34.0","65.2","76.0","24.9","53.7","62.2","25.1","12.4","49.5","39.8","55.3","78.9","75.4","24.8","43.5","90.2","85.9","31.8","29.1","24.2"
"Denmark","329","2.0","10.8","1.7","15.5","87.1","20.0","76.9","83.9","93.0","79.8","40.4","70.6","80.6","34.1","63.8","69.0","35.4","38.7","63.2","54.8","67.2","84.9","81.1","33.5","46.9","88.4","83.3","33.1","30.8","24.9"
"Denmark","360","1.8","7.9","1.7","14.7","89.1","18.2","81.3","79.8","92.6","62.7","43.4","65.1","85.1","49.5","70.6","77.4","46.6","67.7","75.1","69.7","81.3","88.8","87.6","54.9","0.0","90.1","82.8","31.3","30.1","29.3"
"Denmark","391","2.0","6.4","1.5","14.6","88.8","18.6","84.9","79.8","94.7","51.5","43.5","58.9","84.8","43.8","66.6","76.5","43.3","59.2","73.7","66.5","79.2","90.6","88.3","53.2","0.0","92.5","85.6","31.4","26.5","30.8"
"Denmark","419","1.9","9.5","1.9","15.2","87.1","16.6","82.5","80.0","92.9","71.8","45.6","66.8","83.1","39.1","63.1","74.1","39.6","41.8","67.4","59.9","74.5","85.6","84.4","44.2","0.0","89.5","84.8","30.8","25.0","28.6"
"Denmark","450","2.1","9.6","1.9","13.1","83.7","17.5","83.9","79.1","93.5","72.3","43.7","66.8","80.8","35.8","58.8","70.1","35.3","30.0","62.2","55.1","68.0","82.2","80.6","39.8","0.0","90.5","83.4","30.5","24.9","24.7"
"Denmark","480","4.0","17.6","2.3","14.7","83.8","16.4","82.3","79.6","92.3","75.4","46.4","70.7","78.2","28.2","53.1","64.2","27.5","22.1","52.9","43.5","54.4","70.5","73.7","29.7","0.0","89.8","82.1","29.0","25.0","24.9"
"Finland","85","1.7","15.9","1.5","11.0","87.7","13.7","82.7","7.9","0.0","0.0","0.0","0.0","77.4","44.4","69.4","78.7","46.3","64.6","82.8","65.5","80.7","88.4","83.3","47.1","38.5","87.8","59.0","0.0","0.0","0.0"
"Finland","115","2.1","22.7","1.8","10.8","85.5","14.3","79.5","8.1","0.0","0.0","0.0","0.0","72.9","29.6","52.7","71.7","39.8","27.8","72.1","48.5","68.5","80.9","75.6","34.2","31.8","87.3","66.0","0.0","0.0","0.0"
"Finland","146","3.1","26.6","2.0","11.9","78.8","14.4","75.7","6.8","4.6","4.1","11.6","6.0","61.5","21.1","42.1","59.8","30.7","17.9","53.8","34.2","49.3","63.4","62.6","23.6","29.5","84.0","67.1","37.4","18.9","40.8"
"Finland","176","2.0","26.7","2.0","10.2","81.4","13.6","76.4","4.8","3.9","3.1","9.0","4.0","58.7","14.7","37.9","52.1","24.3","12.8","43.6","26.3","42.3","55.7","56.1","17.1","27.7","84.5","69.0","38.4","19.3","40.1"
"Finland","207","3.5","33.0","2.0","11.6","82.9","15.3","77.9","10.7","6.1","4.5","13.8","10.3","64.0","20.5","40.0","58.6","23.7","9.1","47.9","28.8","46.4","60.4","63.1","20.7","30.4","87.8","76.7","40.1","23.2","45.8"
"Finland","238","2.3","31.3","1.8","11.9","84.2","14.3","79.2","17.4","9.1","6.9","14.9","19.5","63.7","19.8","36.2","58.2","22.3","8.0","46.5","29.5","44.4","59.5","62.5","17.1","29.7","86.8","76.5","39.2","23.1","45.8"
"Finland","268","2.4","26.8","1.8","10.5","85.6","15.0","71.8","41.7","35.5","27.1","29.3","37.0","69.6","21.9","41.6","61.8","26.2","5.5","51.4","34.4","51.9","67.5","68.6","21.0","28.8","89.4","78.7","36.6","24.6","47.8"
"Finland","299","2.8","27.4","1.8","9.8","83.5","13.6","69.5","55.4","51.5","40.1","38.0","43.8","72.0","22.6","40.6","61.8","25.2","8.4","54.6","36.3","54.5","68.8","70.2","20.6","33.4","88.6","78.9","39.9","21.8","46.7"
"Finland","329","2.2","21.6","1.6","9.7","84.5","14.5","78.5","78.6","78.6","67.2","59.2","66.5","76.9","28.9","51.9","68.9","35.2","7.6","65.7","48.9","68.7","81.4","75.4","25.6","32.8","90.3","78.9","38.2","18.6","52.9"
"Finland","360","2.1","15.8","1.5","9.3","85.2","12.3","78.8","77.1","80.5","71.3","59.3","67.7","80.9","34.4","56.4","72.5","37.5","8.8","67.3","54.1","69.5","82.2","79.9","31.8","0.0","92.3","80.5","38.8","17.4","50.8"
"France","85","2.2","8.7","0.7","11.4","85.0","18.1","88.4","39.5","0.0","0.0","0.0","0.0","86.2","86.3","83.7","90.2","70.1","83.8","92.0","88.0","92.1","93.7","91.1","75.9","61.8","83.2","62.6","0.0","0.0","0.0"
"France","115","2.4","11.6","1.0","11.5","81.7","18.4","83.2","66.7","0.0","0.0","0.0","0.0","83.8","76.4","75.9","87.5","59.6","73.7","84.4","77.2","84.7","91.1","87.9","68.2","58.6","85.8","72.0","0.0","0.0","0.0"
"France","146","3.3","20.2","1.6","11.8","78.0","21.0","81.6","80.5","74.5","76.2","64.4","75.9","73.1","45.4","59.6","74.0","34.2","46.8","55.1","46.1","58.8","78.8","73.8","47.5","53.8","87.0","78.7","39.3","22.7","34.0"
"France","176","3.4","21.2","1.6","10.6","79.7","21.9","81.4","84.9","83.1","82.9","67.8","83.5","71.6","38.2","55.5","67.9","27.8","39.0","45.0","41.5","55.2","74.5","72.1","40.6","53.1","87.7","81.2","45.4","25.4","34.7"
"France","207","4.7","21.2","1.7","10.8","78.0","22.2","81.1","91.5","96.1","93.2","71.9","88.1","72.3","38.1","53.0","68.3","26.2","34.2","41.7","40.1","53.5","71.1","69.2","39.5","53.0","87.9","82.4","46.1","25.7","34.6"
"France","238","2.7","21.6","1.9","12.2","75.1","22.5","78.4","92.8","96.9","92.5","83.0","87.2","70.8","36.0","50.5","63.3","26.1","15.8","41.6","39.5","52.6","70.4","69.4","36.3","51.4","88.2","82.5","41.4","29.0","35.9"
"France","268","3.0","17.1","1.5","10.8","80.2","19.6","78.5","94.3","96.7","94.4","86.4","91.3","77.0","44.9","58.7","67.0","28.9","19.1","55.4","48.1","62.4","77.6","72.3","40.4","54.9","91.1","83.9","43.5","29.5","40.8"
"France","299","3.1","10.9","1.1","10.4","81.9","19.9","81.9","95.6","96.5","90.7","89.2","88.6","84.8","73.1","69.3","80.4","40.4","25.5","83.2","74.7","84.5","91.2","86.3","61.5","54.4","92.2","79.2","44.3","28.7","45.5"
"France","329","2.4","13.2","1.4","10.5","78.5","21.1","78.6","95.4","97.1","95.0","88.9","90.9","83.6","62.1","64.3","75.0","37.0","22.9","72.8","69.0","80.2","88.0","79.4","49.6","57.5","91.6","84.0","44.7","26.5","42.7"
"France","360","3.2","14.1","1.4","9.6","80.3","20.0","79.1","94.8","96.8","94.6","88.8","92.8","87.0","64.1","70.8","77.3","40.6","26.6","71.7","67.8","78.0","88.0","81.5","54.2","0.0","92.3","83.2","42.1","27.9","45.2"
"France","391","2.6","16.5","1.5","10.1","79.9","19.6","77.9","95.0","97.2","94.4","88.3","92.4","85.9","59.9","69.8","74.3","39.5","26.3","68.5","64.0","76.3","86.2","79.1","52.4","0.0","91.8","83.0","38.3","25.9","48.0"
"France","419","2.6","15.0","1.5","9.4","79.7","17.3","78.8","93.4","95.4","92.9","86.5","90.6","86.6","57.3","71.1","74.4","38.8","27.9","70.1","65.2","75.7","85.0","79.5","50.9","0.0","89.3","82.5","35.3","23.5","44.8"
"France","450","3.1","9.0","1.3","8.8","78.8","18.7","78.6","93.8","96.1","91.6","86.4","90.3","86.4","61.1","72.2","78.5","45.3","45.5","73.8","69.1","77.8","88.1","80.9","58.7","0.0","91.7","82.8","37.6","21.9","46.6"
"France","480","2.2","16.1","1.7","10.4","79.5","17.9","79.6","93.9","96.2","92.6","86.5","91.0","85.8","53.8","67.2","74.1","41.3","29.2","67.7","61.4","71.9","83.5","79.5","53.5","0.0","91.3","82.3","36.5","19.5","44.4"
"Germany","85","1.9","7.7","1.7","11.6","77.7","20.7","84.8","28.6","0.0","0.0","0.0","0.0","73.0","52.1","74.8","74.2","47.2","67.4","76.8","77.8","81.1","82.2","79.8","37.6","50.0","81.3","56.3","0.0","0.0","0.0"
"Germany","115","1.8","7.5","2.0","10.9","72.0","22.1","79.4","80.6","0.0","0.0","0.0","0.0","69.8","44.1","70.7","71.3","40.8","50.0","68.4","71.2","76.0","79.1","77.1","34.4","46.6","82.2","56.3","0.0","0.0","0.0"
"Germany","146","2.8","8.6","2.1","10.1","69.9","24.7","76.6","82.7","91.3","80.9","44.0","74.7","65.4","36.3","64.9","62.8","32.9","26.7","55.0","59.1","66.1","74.2","72.8","27.0","46.5","83.6","61.7","30.0","11.8","40.9"
"Germany","176","2.1","12.3","2.7","9.3","70.8","24.2","79.1","83.9","91.0","83.1","42.6","77.0","65.2","29.8","60.8","61.7","25.8","20.2","45.0","51.7","58.5","70.7","71.6","23.1","47.1","85.7","62.1","34.3","11.0","38.0"
"Germany","207","3.1","11.6","2.4","9.1","71.0","25.8","76.7","83.6","90.3","82.9","40.6","78.7","67.5","30.4","60.9","60.6","28.4","24.0","47.2","49.8","58.2","68.0","70.9","24.3","48.4","84.4","62.2","36.0","13.2","40.0"
"Germany","238","3.0","12.0","2.6","9.7","68.5","22.8","74.0","83.3","89.0","81.3","40.7","77.2","63.9","30.1","58.1","59.2","26.0","17.0","42.1","46.9","53.5","64.9","68.3","20.8","47.0","85.1","61.7","34.7","13.1","37.9"
"Germany","268","2.7","17.8","1.9","9.7","76.8","23.6","73.9","86.3","91.5","85.3","51.2","79.9","74.0","32.0","66.0","64.5","26.6","14.4","51.8","57.1","67.1","77.7","77.3","19.3","50.5","88.8","66.5","38.8","14.3","41.4"
"Germany","299","1.9","10.6","1.7","9.7","75.9","24.2","74.3","86.2","91.5","85.2","61.1","79.2","78.6","38.6","73.2","69.5","32.9","20.4","63.6","69.9","77.8","81.6","78.5","23.4","50.0","86.1","65.5","41.4","16.6","45.9"
"Germany","329","2.1","9.2","1.4","9.3","79.1","22.7","77.8","90.0","92.7","85.8","65.8","83.7","82.6","47.6","79.6","72.5","39.5","31.4","70.7","77.8","84.9","87.2","85.9","25.6","54.6","90.8","67.2","43.5","13.9","48.4"
"Germany","360","2.1","7.1","1.4","8.6","80.1","22.0","75.9","87.7","91.9","76.6","67.3","79.7","84.7","54.3","81.9","77.9","45.6","50.5","76.3","81.9","85.5","89.2","86.0","34.4","0.0","90.7","68.1","42.8","14.2","52.0"
"Germany","391","1.7","8.1","1.5","8.2","79.7","22.7","76.1","87.8","92.9","71.9","67.0","76.5","85.0","48.6","79.9","76.9","42.0","43.7","75.1","82.0","86.1","89.2","86.6","33.1","0.0","91.3","67.6","41.4","13.6","49.8"
"Germany","419","2.6","8.1","1.6","9.1","79.2","24.5","74.6","87.0","91.4","77.3","66.9","78.1","84.1","46.5","79.3","74.7","38.5","27.0","72.2","78.4","82.9","86.5","83.8","30.2","0.0","89.5","68.0","42.2","13.7","49.7"
"Germany","450","1.8","5.0","1.7","9.4","78.9","24.5","73.0","85.6","91.4","78.5","66.9","78.4","82.6","44.8","77.9","74.7","39.8","29.4","71.7","75.5","82.5","86.1","84.4","28.0","0.0","89.5","69.0","40.4","13.4","51.8"
"Germany","480","1.5","8.6","1.8","8.5","74.7","24.5","73.0","85.1","89.4","75.7","63.7","77.3","80.7","42.5","76.1","72.2","41.4","32.3","69.0","75.8","81.7","84.9","81.6","29.8","0.0","87.4","66.3","40.5","12.4","51.7"
"Hong Kong","85","2.7","24.6","1.5","7.7","72.7","20.9","75.6","92.0","0.0","0.0","0.0","0.0","82.2","65.8","76.6","39.3","38.3","76.4","76.7","61.1","73.1","80.7","73.7","45.7","61.6","88.1","75.6","0.0","0.0","0.0"
"Hong Kong","115","2.7","23.6","1.6","8.1","64.9","23.0","68.3","91.4","0.0","0.0","0.0","0.0","78.8","53.8","69.9","33.5","29.3","64.8","68.8","46.5","59.1","73.5","65.7","37.1","59.0","87.6","72.9","0.0","0.0","0.0"
"Hong Kong","146","3.9","24.8","1.8","6.6","62.5","20.2","69.5","92.4","92.9","92.5","81.2","94.4","77.4","47.3","67.6","29.4","21.6","37.8","61.9","42.0","50.2","65.7","65.3","34.1","59.0","89.8","71.4","53.9","12.9","48.3"
"Hong Kong","176","3.8","23.4","1.7","8.2","71.5","19.6","69.4","97.1","94.9","94.6","82.7","96.7","85.7","61.3","77.1","37.7","30.7","61.4","75.0","57.0","67.6","78.8","73.7","46.9","63.2","92.5","76.7","62.8","20.6","61.2"
"Hong Kong","207","2.7","23.6","1.5","8.6","72.8","24.7","69.2","96.3","96.6","95.3","88.7","96.4","87.0","68.3","78.6","42.0","35.9","73.0","78.1","66.7","78.2","83.8","77.1","50.0","65.4","92.6","80.9","60.8","20.5","64.8"
"Hong Kong","238","2.9","26.5","1.7","8.3","68.7","24.2","65.3","95.5","94.9","94.7","86.4","96.1","84.4","58.8","74.7","35.3","29.7","57.2","72.1","59.3","70.2","78.0","72.7","41.6","62.6","91.4","78.9","54.0","17.7","61.3"
"India","85","4.9","4.7","1.5","10.8","53.4","21.9","83.5","88.3","0.0","0.0","0.0","0.0","88.1","84.5","75.4","86.6","86.7","85.2","84.6","85.5","87.1","87.9","90.6","75.5","82.0","91.1","84.9","0.0","0.0","0.0"
"India","115","4.6","4.6","2.0","10.7","50.1","25.2","76.8","88.3","0.0","0.0","0.0","0.0","84.4","81.7","73.4","84.2","81.2","83.7","79.7","82.1","84.1","86.2","88.6","71.3","81.3","88.7","84.9","0.0","0.0","0.0"
"India","146","4.0","4.5","1.8","8.5","49.4","25.5","75.9","92.1","92.6","92.3","91.0","94.3","87.1","80.6","74.2","84.8","74.6","82.2","79.0","80.5","83.0","87.2","89.2","67.7","80.1","90.9","87.5","63.2","21.7","52.7"
"India","176","4.4","6.1","2.0","10.4","50.5","26.6","74.7","94.4","93.4","92.4","91.9","94.4","89.6","82.2","76.6","86.1","73.4","86.3","80.0","81.4","84.9","89.0","91.1","69.1","83.3","92.2","89.6","65.2","24.8","56.3"
"India","207","5.8","7.9","2.1","11.3","51.1","26.0","77.0","94.4","93.5","92.7","91.6","94.8","88.9","80.2","75.0","83.1","68.2","86.6","75.0","79.3","83.1","88.5","90.2","66.8","80.8","93.2","91.0","58.5","23.1","54.8"
"India","238","4.1","8.1","2.1","11.2","51.6","24.3","76.6","92.8","91.9","90.2","89.6","92.8","88.0","77.9","73.6","80.4","63.9","83.0","70.5","76.0","80.8","86.8","88.7","60.0","80.1","91.2","88.7","57.9","25.8","53.1"
"Indonesia","85","3.9","6.7","2.0","10.3","74.7","12.9","77.5","86.9","0.0","0.0","0.0","0.0","86.9","73.7","72.3","81.6","56.1","83.4","52.4","65.2","77.0","86.4","84.6","45.8","60.0","90.2","65.5","0.0","0.0","0.0"
"Indonesia","115","4.3","7.0","2.3","9.7","68.6","14.1","73.8","91.9","0.0","0.0","0.0","0.0","87.5","71.6","73.0","82.6","55.4","82.1","51.4","61.9","73.8","82.8","81.8","45.6","61.2","90.4","70.5","0.0","0.0","0.0"
"Indonesia","146","3.7","10.7","2.5","10.9","65.7","13.2","71.7","94.4","92.3","90.9","89.2","93.5","86.9","69.0","71.8","79.3","43.6","75.6","47.4","58.6","70.1","80.2","80.4","42.3","59.9","90.8","74.1","78.8","25.2","68.5"
"Indonesia","176","4.3","8.8","2.5","10.6","61.2","14.7","69.1","92.5","89.9","88.2","88.0","91.7","85.5","65.0","69.2","72.9","39.6","68.3","42.0","55.3","65.3","75.3","77.3","41.5","60.0","90.2","73.3","79.2","26.6","67.4"
"Indonesia","207","3.8","10.4","2.7","11.2","64.8","16.4","71.6","95.6","93.5","93.3","88.0","95.1","87.5","63.2","70.7","71.4","37.2","67.7","36.8","50.0","61.2","73.3","75.9","35.5","59.3","92.6","77.0","79.1","22.9","68.6"
"Indonesia","238","4.1","8.8","2.6","9.1","61.8","16.3","71.1","95.2","94.3","93.6","90.5","94.9","87.7","65.0","71.7","72.7","39.7","66.9","40.3","54.0","65.3","76.5","78.1","37.8","59.6","92.9","77.5","80.8","24.4","67.1"
"Italy","85","2.4","4.1","0.7","13.4","87.7","16.1","93.6","89.7","0.0","0.0","0.0","0.0","94.7","89.7","93.2","95.6","73.4","93.4","96.7","91.3","95.6","97.3","97.1","84.7","74.2","95.2","77.3","0.0","0.0","0.0"
"Italy","115","2.6","5.7","1.2","14.7","85.5","17.3","90.1","94.8","0.0","0.0","0.0","0.0","92.2","74.8","88.9","92.8","59.2","89.4","92.1","84.4","92.2","95.4","95.3","75.7","70.9","94.2","81.5","0.0","0.0","0.0"
"Italy","146","3.0","10.7","1.9","13.1","85.4","19.4","89.5","94.7","95.6","92.2","77.1","88.2","86.0","44.1","76.2","81.0","36.7","73.7","70.2","61.5","75.2","86.4","85.0","48.2","65.5","94.2","87.1","46.5","18.3","60.7"
"Italy","176","3.2","17.5","2.3","14.0","84.5","19.5","87.2","92.4","96.7","94.1","80.2","89.2","84.4","33.9","68.2","73.9","29.5","58.9","57.7","53.4","66.6","80.4","80.6","37.5","63.2","93.5","87.0","47.9","19.3","58.2"
"Italy","207","4.5","19.3","2.3","14.0","87.2","19.4","87.0","93.1","96.8","95.1","77.5","91.0","83.4","28.9","67.0","71.7","23.8","53.0","50.7","49.4","63.9","80.9","79.3","32.0","62.8","93.8","88.4","49.7","20.2","58.4"
"Italy","238","3.3","18.0","2.1","12.3","89.3","20.8","86.9","93.8","97.1","94.6","82.5","90.5","83.9","28.4","66.4","71.8","25.4","29.1","52.2","48.1","63.2","78.2","81.0","32.7","63.0","94.3","88.6","49.4","23.7","60.5"
"Italy","268","3.4","14.7","2.0","14.1","91.4","23.7","82.9","97.1","98.0","96.9","87.2","92.8","89.1","36.6","71.0","79.1","24.3","20.6","65.1","57.2","73.2","86.6","86.8","37.0","63.9","95.6","89.7","51.9","27.6","64.3"
"Italy","299","2.4","9.5","1.5","14.7","89.8","18.8","85.4","97.6","97.8","95.9","91.5","94.0","91.6","62.2","81.5","87.3","37.9","39.8","83.7","76.5","89.5","94.5","92.2","58.0","69.6","97.0","90.4","56.1","28.3","69.2"
"Italy","329","3.6","8.4","1.7","13.7","91.0","21.3","84.2","97.0","97.6","96.4","89.9","93.2","92.3","56.5","81.9","85.8","36.3","43.7","82.2","73.6","84.2","91.4","91.1","54.7","70.4","95.8","89.3","53.5","28.0","69.3"
"Italy","360","2.6","9.1","1.5","12.9","90.7","20.3","85.1","97.8","97.9","96.3","92.9","94.4","94.3","64.9","84.8","87.8","39.8","48.1","86.5","81.2","89.4","94.4","92.9","62.3","0.0","96.3","90.3","55.2","26.3","74.5"
"Italy","391","2.9","10.8","1.7","12.1","92.5","19.3","85.6","97.7","98.3","96.4","91.7","94.8","94.1","56.4","80.2","85.7","33.5","35.1","84.2","76.1","86.9","92.3","91.6","55.0","0.0","96.3","90.3","52.1","26.4","74.3"
"Italy","419","2.5","5.8","1.7","11.6","91.7","20.3","84.2","97.5","97.9","95.9","91.5","94.4","94.3","64.1","81.7","87.5","39.6","54.3","88.3","81.5","89.7","94.2","93.2","62.5","0.0","95.9","90.4","52.4","27.2","74.5"
"Italy","450","2.5","7.4","1.6","11.3","91.7","19.7","82.6","97.3","97.4","94.6","91.4","93.4","95.0","61.8","80.2","86.5","37.7","42.7","85.7","80.0","88.7","94.1","93.1","60.4","0.0","96.4","90.1","54.3","23.4","74.9"
"Italy","480","3.7","13.5","2.1","14.9","90.1","19.7","82.9","97.2","97.6","96.1","90.9","94.6","93.3","47.5","76.9","83.1","30.4","30.2","78.1","70.6","81.2","89.3","88.8","49.0","0.0","95.9","90.1","52.7","22.0","72.4"
"Japan","85","2.7","17.5","1.4","5.9","81.4","37.6","75.7","74.7","0.0","0.0","0.0","0.0","72.4","51.8","54.3","65.3","34.1","56.7","53.4","47.2","68.8","77.6","75.4","39.4","29.6","82.7","31.5","0.0","0.0","0.0"
"Japan","115","2.2","11.3","1.6","6.2","76.1","35.5","74.2","86.0","0.0","0.0","0.0","0.0","75.9","60.1","59.9","71.5","40.3","66.1","61.7","58.5","77.1","83.9","82.0","46.1","35.0","84.0","35.5","0.0","0.0","0.0"
"Japan","146","2.3","16.1","1.5","5.8","73.3","31.6","71.7","86.1","90.4","83.0","82.9","81.6","72.0","42.3","48.7","60.0","27.4","26.9","54.1","45.2","67.7","77.5","74.3","35.0","35.0","86.0","36.2","65.8","40.8","51.6"
"Japan","176","2.6","13.3","1.5","5.8","74.0","32.7","71.2","88.2","92.2","86.6","85.1","86.4","72.5","44.9","46.8","60.3","30.7","23.7","53.0","46.5","70.4","79.6","77.5","35.7","35.1","85.3","39.1","70.8","44.2","54.9"
"Japan","207","2.5","15.9","1.7","6.0","74.5","34.0","72.0","89.4","94.0","88.1","86.3","87.9","72.5","40.2","44.7","53.8","25.8","18.8","50.0","42.4","66.8","77.7","74.1","33.4","33.6","89.1","38.5","66.6","44.3","53.4"
"Japan","238","2.4","13.4","1.6","5.9","72.6","34.4","71.6","89.1","92.2","85.9","86.3","86.3","70.2","39.4","40.8","53.5","25.9","17.0","51.1","39.5","65.9","77.5","71.3","28.4","34.0","87.0","40.3","63.7","41.8","51.0"
"Japan","268","3.1","14.4","1.7","5.7","67.9","34.0","70.8","90.3","94.1","88.3","85.3","87.3","69.9","37.2","39.8","52.2","25.7","18.9","47.7","39.6","63.4","75.2","68.8","29.0","32.7","87.5","37.7","63.3","41.5","49.1"
"Japan","299","1.9","11.9","1.4","5.4","68.1","33.7","68.2","89.0","92.5","87.8","86.4","86.7","74.5","39.1","41.3","53.5","26.9","22.4","52.0","41.7","63.4","73.6","69.0","28.1","33.7","86.1","42.4","62.8","41.8","50.7"
"Japan","329","6.0","16.4","1.8","8.4","70.7","34.0","67.0","90.0","92.4","87.8","90.6","86.4","75.4","41.1","45.9","53.3","27.6","21.4","52.9","46.5","70.5","79.0","75.2","32.7","37.1","84.8","41.5","68.7","43.7","50.5"
"Japan","360","2.7","9.4","1.6","5.9","71.4","32.4","71.0","91.1","92.9","87.5","91.9","89.1","80.0","53.5","53.4","65.8","38.0","25.2","66.7","59.5","79.7","85.8","80.4","40.7","0.0","89.9","50.9","71.6","47.7","56.5"
"Japan","391","2.3","10.7","1.5","6.1","75.5","33.2","74.7","93.5","95.0","89.7","93.0","91.5","81.7","47.2","52.0","62.5","32.8","21.3","65.9","57.1","77.8","85.0","78.3","37.1","0.0","90.2","52.5","67.2","42.1","55.1"
"Japan","419","2.0","14.3","1.5","7.0","70.3","31.6","72.1","92.4","94.7","89.5","92.6","90.6","80.1","46.2","45.2","56.6","29.8","21.1","62.0","53.0","75.5","82.9","76.1","32.0","0.0","90.8","50.3","68.2","39.8","53.7"
"Japan","450","2.6","12.6","1.9","5.6","64.7","29.4","68.4","88.9","90.3","86.9","86.9","87.4","78.6","46.9","47.7","61.1","34.1","19.0","64.1","56.6","75.7","82.0","77.1","36.3","0.0","87.7","52.7","61.4","40.4","51.1"
"Japan","480","2.6","11.4","1.5","5.7","72.7","30.6","72.3","92.9","94.2","89.8","91.3","90.1","81.1","51.7","53.9","63.6","34.8","20.4","68.0","60.1","78.1","85.6","79.7","38.8","0.0","91.5","53.0","70.6","45.1","58.6"
"Malaysia","85","3.3","4.7","0.8","10.8","76.0","9.7","82.3","88.7","0.0","0.0","0.0","0.0","74.1","69.3","62.2","65.9","63.8","78.7","67.7","73.3","75.3","76.3","83.0","41.2","64.2","90.9","77.3","0.0","0.0","0.0"
"Malaysia","115","4.1","7.4","1.4","9.3","74.1","12.3","80.9","91.7","0.0","0.0","0.0","0.0","77.7","68.4","63.7","70.4","53.7","76.8","69.2","69.7","74.3","77.9","85.0","42.3","61.3","89.8","81.5","0.0","0.0","0.0"
"Malaysia","146","3.5","8.8","1.4","9.1","70.9","12.9","83.3","93.0","92.4","91.7","77.6","91.5","80.6","64.6","62.6","69.3","42.7","71.2","65.6","61.9","69.7","77.9","85.3","39.1","61.1","91.7","83.6","83.5","14.8","47.1"
"Malaysia","176","3.3","13.0","1.7","8.1","71.0","12.0","82.6","92.3","91.1","90.7","73.0","91.3","81.6","57.4","59.0","66.1","36.2","38.3","55.7","54.7","61.7","73.4","81.9","34.2","58.6","92.2","82.3","84.7","16.6","48.3"
"Malaysia","207","3.7","11.9","1.6","9.0","72.1","12.0","85.1","96.9","97.0","96.5","79.9","95.9","83.6","58.0","59.8","65.2","33.5","28.6","54.1","57.6","63.6","74.3","82.2","34.3","61.3","94.5","83.9","85.0","16.2","53.7"
"Malaysia","238","3.5","11.4","1.7","8.9","70.3","15.2","79.9","97.0","96.3","96.7","79.1","95.2","80.1","56.5","55.4","63.8","30.5","22.2","48.4","53.2","59.9","72.5","81.8","28.9","59.5","92.7","82.9","85.1","15.5","52.2"
"Mexico","85","3.1","7.6","1.1","12.1","87.3","18.9","87.4","70.9","0.0","0.0","0.0","0.0","91.5","81.4","86.2","78.1","65.5","89.5","85.8","81.6","86.2","90.6","91.1","67.3","84.2","95.7","87.8","0.0","0.0","0.0"
"Mexico","115","3.2","8.3","1.3","13.1","86.4","19.5","87.0","92.2","0.0","0.0","0.0","0.0","93.1","80.5","90.0","81.5","65.3","90.0","85.1","81.8","87.0","90.8","91.3","68.1","85.0","95.9","91.1","0.0","0.0","0.0"
"Mexico","146","4.6","8.5","1.3","11.8","87.0","21.0","85.8","93.7","94.7","94.5","89.8","92.8","93.5","78.3","89.6","78.9","58.9","88.0","85.3","79.6","86.4","91.5","91.5","67.0","84.3","97.3","91.4","58.9","35.1","64.6"
"Mexico","176","4.4","8.7","1.5","11.6","86.0","20.2","88.7","94.9","95.9","95.1","90.8","94.8","92.4","76.6","89.5","75.2","53.6","87.7","83.2","78.9","85.5","90.5","89.8","67.7","83.6","97.2","93.0","60.3","35.2","64.2"
"Mexico","207","5.1","9.3","1.5","12.5","87.9","19.6","87.4","95.6","96.4","96.3","92.0","95.5","93.6","75.3","88.0","74.3","53.6","84.1","82.7","77.9","84.9","90.5","91.3","63.2","84.1","97.8","94.4","58.5","35.0","63.4"
"Mexico","238","4.0","11.5","1.7","12.5","85.1","20.2","88.6","95.8","96.3","95.7","91.3","95.1","91.7","72.3","88.2","71.5","47.8","84.7","80.2","74.2","80.4","87.3","88.9","59.1","84.2","97.3","94.4","58.4","33.5","63.9"
"Netherlands","85","2.5","4.5","1.3","11.0","85.0","20.3","86.8","11.5","0.0","0.0","0.0","0.0","83.4","51.7","77.1","85.2","56.9","68.7","75.5","72.8","86.5","89.5","86.0","55.1","58.2","83.4","60.6","0.0","0.0","0.0"
"Netherlands","115","2.2","4.4","1.5","9.2","79.8","20.1","83.8","12.9","0.0","0.0","0.0","0.0","77.6","39.4","68.0","82.2","47.5","45.7","62.9","60.5","78.4","85.9","80.9","46.1","53.3","82.0","63.0","0.0","0.0","0.0"
"Netherlands","146","1.9","4.7","1.9","8.4","79.0","19.7","81.0","21.0","9.2","7.2","13.0","30.9","72.5","28.9","54.2","74.9","40.6","31.7","49.9","46.8","63.7","75.8","73.0","37.0","53.5","79.8","65.6","33.3","22.0","47.6"
"Netherlands","176","2.3","4.4","1.8","9.8","77.1","23.8","83.3","21.0","10.2","8.4","12.6","34.5","63.5","20.8","42.2","67.6","29.4","19.1","36.5","38.1","52.9","67.8","71.3","29.6","52.8","82.2","66.4","41.5","23.1","48.7"
"Netherlands","207","2.1","5.1","1.6","7.9","83.4","21.8","84.5","23.5","10.8","10.5","13.9","39.8","71.4","24.3","45.4","70.0","27.7","19.9","40.6","42.7","58.9","72.2","73.6","34.9","52.2","81.7","68.8","44.4","22.6","49.8"
"Netherlands","238","2.8","6.6","1.8","8.2","79.5","24.2","82.3","23.5","11.0","10.6","15.2","43.9","68.8","23.0","43.2","61.6","30.0","19.2","37.7","37.6","55.2","69.4","66.2","29.3","50.1","81.9","66.6","39.7","23.3","53.2"
"Netherlands","268","2.0","5.3","2.1","10.6","81.2","19.3","85.3","62.8","53.8","46.9","33.9","60.0","76.6","33.2","52.2","71.7","40.2","24.2","50.8","53.3","69.4","79.4","78.8","41.6","54.2","84.3","70.6","46.7","23.9","54.7"
"Netherlands","299","2.4","4.5","1.7","9.6","82.1","18.6","84.6","78.8","74.0","69.3","49.4","69.3","79.9","35.7","58.2","76.9","39.7","22.3","56.2","65.0","79.4","82.7","80.2","43.1","57.5","87.1","72.6","39.7","26.1","57.6"
"Netherlands","329","2.4","4.6","1.8","9.2","81.6","18.0","83.7","91.8","81.7","75.7","54.5","74.5","83.3","46.2","62.4","78.1","50.2","43.6","64.1","69.1","82.7","86.1","86.1","59.6","61.0","88.4","77.7","43.8","26.9","57.6"
"Netherlands","360","3.4","5.3","1.9","10.4","81.1","17.6","81.5","87.6","76.8","66.5","56.6","67.4","83.7","47.5","67.3","77.4","49.0","60.4","66.2","73.0","82.5","85.0","83.5","58.4","0.0","86.2","70.2","40.8","22.8","58.3"
"Netherlands","391","1.8","5.2","1.5","7.0","84.3","19.1","82.9","86.5","75.6","66.0","56.4","66.7","85.0","46.1","67.3","79.8","51.1","49.8","69.5","77.4","85.4","87.2","83.5","59.4","0.0","85.5","69.0","41.1","26.8","66.3"
"Norway","85","2.3","7.5","1.4","11.6","86.2","15.2","88.5","9.3","0.0","0.0","0.0","0.0","79.0","46.1","70.4","79.2","50.3","61.0","68.7","69.8","81.2","87.4","82.4","33.7","50.6","84.2","74.9","0.0","0.0","0.0"
"Norway","115","2.4","9.7","1.9","11.8","81.5","15.3","83.4","9.9","0.0","0.0","0.0","0.0","74.8","32.8","59.1","71.5","38.1","23.9","55.0","52.5","64.5","77.1","72.6","25.3","46.3","82.4","79.1","0.0","0.0","0.0"
"Norway","146","2.9","13.6","2.0","11.7","79.1","14.7","84.3","8.6","5.2","5.1","5.2","7.1","69.4","25.5","50.0","62.3","27.3","18.8","42.8","39.4","52.3","67.8","65.8","20.8","45.5","81.0","79.2","32.8","17.8","27.6"
"Norway","176","2.9","15.4","2.0","11.6","77.5","15.1","83.0","7.4","5.2","5.0","6.0","7.6","64.7","23.2","44.6","53.4","26.7","15.7","35.2","33.9","44.8","59.3","58.5","18.8","43.9","82.0","79.8","35.7","18.6","28.3"
"Norway","207","2.5","13.7","2.0","12.2","82.4","15.5","85.5","8.1","5.4","5.4","7.9","10.4","68.3","25.7","47.0","59.5","22.9","12.3","36.5","37.0","50.7","64.8","63.4","18.7","44.3","83.5","83.3","36.9","21.3","33.3"
"Norway","238","2.3","12.0","1.9","11.9","83.4","14.3","87.0","11.2","6.0","5.8","7.7","13.5","68.6","24.1","43.8","58.1","23.6","11.1","36.4","37.0","49.4","62.9","62.5","20.1","43.5","83.4","83.0","33.3","23.5","33.7"
"Norway","268","2.7","13.8","2.0","13.2","82.9","15.4","84.0","21.1","11.2","10.5","9.8","26.8","71.7","26.6","45.9","59.0","25.2","11.8","42.3","40.8","53.4","68.9","65.6","20.4","46.9","85.3","84.9","37.4","25.0","38.9"
"Norway","299","3.0","13.2","1.8","15.0","82.5","14.2","84.2","41.1","34.1","30.2","21.0","41.0","78.6","38.3","56.8","69.8","31.4","11.1","59.8","57.4","68.7","79.6","75.6","29.0","52.5","87.3","86.7","37.7","25.8","42.2"
"Norway","329","3.1","8.3","1.7","11.0","80.6","13.9","83.0","51.8","48.9","46.8","26.6","52.1","77.4","36.5","52.8","65.2","35.1","15.6","54.5","56.1","67.9","78.1","72.7","29.0","48.9","86.0","86.4","37.5","21.2","44.2"
"Norway","360","2.1","6.3","1.6","11.9","82.6","14.1","84.0","60.4","61.8","56.9","35.4","59.9","83.4","44.8","66.2","73.4","39.1","16.6","68.4","68.6","78.0","83.7","78.8","36.2","0.0","89.3","86.1","34.5","22.6","45.0"
"Norway","391","2.0","6.6","1.8","13.5","85.1","14.3","84.7","65.7","66.7","61.3","35.5","64.0","83.6","42.0","60.4","72.3","37.2","14.9","64.5","63.6","76.2","83.9","79.3","36.4","0.0","89.6","86.6","32.4","23.7","46.9"
"Norway","419","2.0","5.5","1.7","12.9","84.6","15.0","83.4","70.8","73.9","67.7","41.7","69.9","85.2","42.7","62.0","74.5","39.8","18.9","68.4","68.0","77.7","85.2","80.8","38.9","0.0","89.9","86.7","36.5","23.7","49.3"
"Norway","450","2.1","7.8","1.9","12.1","83.3","12.2","84.5","78.1","82.2","75.1","45.2","75.2","85.5","42.3","65.2","74.8","42.1","20.6","68.3","71.0","81.3","87.0","81.9","41.0","0.0","91.0","87.6","34.2","21.1","48.7"
"Norway","480","2.8","8.4","2.1","12.4","81.5","13.1","83.2","75.5","78.6","73.3","42.4","74.6","83.7","36.4","57.3","69.6","38.3","16.0","61.2","59.7","71.5","82.0","78.5","35.7","0.0","88.2","85.2","35.3","17.6","44.3"
"Philippines","85","4.5","5.3","1.0","10.5","78.7","23.5","81.6","93.4","0.0","0.0","0.0","0.0","92.1","84.4","86.4","87.7","82.0","87.6","81.1","85.6","87.5","89.8","90.5","72.0","80.9","93.2","87.2","0.0","0.0","0.0"
"Philippines","115","4.7","6.4","1.1","10.2","73.7","25.6","81.4","93.9","0.0","0.0","0.0","0.0","90.5","81.9","84.3","83.4","78.0","87.7","81.2","82.2","86.0","88.7","89.9","73.8","80.4","92.9","86.9","0.0","0.0","0.0"
"Philippines","146","5.1","8.1","1.2","9.4","71.1","28.5","84.4","95.4","96.3","94.8","90.1","96.0","92.3","83.4","84.4","78.1","67.3","86.8","78.8","80.5","84.0","89.7","91.2","77.8","81.3","94.3","90.2","85.1","15.4","70.4"
"Philippines","176","4.3","8.4","1.3","11.0","72.8","27.2","84.6","97.3","97.0","95.8","93.6","97.1","94.0","79.8","84.4","74.7","60.4","87.1","76.9","78.5","82.8","89.3","91.6","72.2","83.2","96.6","92.3","87.3","21.5","74.2"
"Philippines","207","4.6","7.7","1.3","10.8","75.2","29.4","81.6","97.0","96.9","95.6","93.6","96.7","93.7","80.1","86.9","73.4","60.8","87.3","77.6","79.8","83.7","88.5","92.8","72.2","83.6","95.8","91.8","85.6","20.7","75.7"
"Philippines","238","4.0","7.6","1.4","11.7","71.3","29.1","81.0","97.2","96.6","96.0","93.2","96.9","94.3","79.1","85.9","70.8","56.8","86.9","76.0","79.5","83.2","89.3","91.8","70.8","84.2","96.2","93.0","83.6","20.3","73.1"
"Saudi Arabia","85","4.3","5.9","1.2","10.2","76.2","16.0","85.0","71.5","0.0","0.0","0.0","0.0","88.5","78.4","76.8","86.9","73.0","86.6","84.7","77.5","82.8","87.4","88.5","71.9","76.1","88.5","79.7","0.0","0.0","0.0"
"Saudi Arabia","115","4.4","5.9","1.1","10.3","72.2","15.9","82.3","76.6","0.0","0.0","0.0","0.0","87.2","75.6","77.7","85.7","70.0","83.4","83.4","75.8","81.6","87.2","88.5","67.2","72.9","87.5","80.5","0.0","0.0","0.0"
"Saudi Arabia","146","4.3","6.8","1.8","10.1","72.0","15.4","81.2","89.9","86.1","86.7","88.5","86.4","89.0","69.0","76.0","83.9","57.8","79.9","79.8","72.9","79.2","85.1","89.0","63.6","75.2","89.7","84.4","58.4","32.1","56.5"
"Saudi Arabia","176","5.4","7.9","2.0","9.5","68.3","14.8","80.9","89.2","86.8","86.9","87.8","86.4","86.5","58.3","70.2","81.1","49.8","73.4","75.7","67.5","73.5","81.9","86.0","56.9","73.6","87.2","83.1","55.5","33.3","59.7"
"Saudi Arabia","207","6.3","8.0","2.5","8.7","64.9","13.7","81.4","88.3","85.1","85.7","88.4","86.3","84.6","53.3","67.5","77.8","49.0","69.0","69.0","62.0","68.5","77.7","84.8","52.5","72.9","86.9","82.4","55.2","34.8","58.6"
"Saudi Arabia","238","4.8","9.7","2.4","9.2","65.7","14.9","79.7","87.1","84.9","84.8","82.7","85.0","83.0","50.8","63.3","75.5","45.9","67.9","63.3","59.0","64.5","74.8","81.6","50.1","70.6","86.2","81.3","51.7","33.5","57.8"
"Singapore","85","3.1","14.9","1.1","9.6","79.4","19.5","86.7","66.1","0.0","0.0","0.0","0.0","86.2","73.1","74.8","51.9","62.3","56.8","84.9","78.2","85.0","90.6","85.2","57.4","56.8","91.5","67.3","0.0","0.0","0.0"
"Singapore","115","2.8","7.8","0.9","8.8","78.1","19.7","85.1","96.0","0.0","0.0","0.0","0.0","85.4","77.7","78.2","64.7","70.8","65.9","91.0","87.7","91.2","93.2","88.3","64.6","58.2","92.6","62.3","0.0","0.0","0.0"
"Singapore","146","2.8","11.4","1.2","8.4","75.9","19.1","83.3","97.0","95.9","95.4","90.7","97.2","83.8","68.4","71.1","50.5","59.2","35.8","80.8","75.6","82.9","89.8","84.0","55.6","56.4","92.6","69.0","66.8","16.7","58.7"
"Singapore","176","3.3","19.2","1.3","8.8","74.2","20.2","82.2","98.0","97.6","96.6","92.1","97.9","81.2","57.2","64.5","36.9","49.6","25.0","70.0","55.4","69.7","88.1","79.7","42.9","52.9","93.6","70.3","68.1","19.2","62.0"
"Singapore","207","3.0","20.9","1.4","7.6","73.5","20.3","82.9","97.5","97.2","96.1","92.0","97.6","79.0","49.6","60.2","34.3","47.1","21.6","64.7","48.4","62.9","84.5","73.2","37.9","52.5","93.3","69.2","67.2","17.0","61.8"
"Singapore","238","3.0","21.3","1.4","8.3","71.9","18.6","85.0","97.5","97.5","96.6","91.2","97.1","76.8","45.3","58.3","29.5","43.2","18.1","61.3","44.5","61.0","83.7","71.1","32.7","51.0","92.7","68.0","63.7","16.9","58.1"
"Singapore","268","3.0","22.3","1.6","7.7","71.6","19.6","81.2","97.7","97.4","96.6","91.9","97.8","77.4","42.8","56.8","28.9","40.3","22.3","60.8","42.9","59.1","82.0","70.5","30.9","51.4","93.5","65.2","61.9","16.5","57.1"
"Singapore","299","2.9","22.7","1.6","9.2","71.4","19.5","81.7","98.1","97.4","96.6","92.6","98.4","77.8","41.0","55.4","25.3","36.0","21.3","59.4","42.0","59.3","80.7","66.5","27.0","51.8","93.8","68.4","63.3","13.8","54.6"
"Singapore","329","3.1","30.7","1.4","8.3","69.8","19.4","79.2","97.4","96.7","96.2","92.0","97.8","76.0","40.3","53.1","26.3","37.4","22.1","57.8","41.1","59.0","83.6","66.0","29.0","50.3","92.5","66.3","63.3","15.6","55.0"
"Singapore","360","3.2","27.7","1.5","7.6","72.7","20.0","81.2","98.1","98.1","97.1","93.1","98.0","79.7","41.1","60.9","27.9","36.9","16.9","61.8","44.4","57.5","83.6","67.7","29.4","0.0","92.7","65.0","60.7","15.8","55.8"
"Singapore","391","3.4","23.5","1.4","7.3","76.3","18.4","83.4","97.6","97.4","97.3","94.4","97.9","82.3","42.3","59.9","28.2","36.2","19.2","61.2","43.4","57.0","84.7","67.6","30.0","0.0","93.4","64.7","59.0","17.2","55.4"
"Singapore","419","3.2","26.6","1.5","7.9","75.2","17.4","80.8","97.7","97.4","97.0","93.6","97.6","79.5","38.9","55.3","25.2","32.7","19.8","59.3","42.0","55.1","80.9","65.6","28.0","0.0","92.5","64.6","57.9","16.9","54.1"
"Singapore","450","3.2","26.3","1.6","7.7","76.1","17.2","81.6","97.7","97.2","96.5","92.9","97.3","79.6","40.4","55.2","27.0","34.9","19.3","60.8","42.8","55.2","78.1","65.0","28.1","0.0","93.0","63.6","58.2","19.0","53.2"
"Singapore","480","3.3","23.8","1.3","8.7","80.8","17.2","82.5","97.9","98.2","97.4","95.4","97.8","86.1","60.1","73.5","39.3","48.5","36.0","75.8","67.8","78.4","89.4","78.1","46.9","0.0","95.1","68.5","63.1","20.2","61.0"
"South Korea","85","2.7","12.7","1.8","7.8","70.7","36.5","90.7","92.4","0.0","0.0","0.0","0.0","86.5","82.4","78.0","69.1","45.3","76.0","85.9","79.4","75.9","85.8","87.2","66.5","68.1","89.5","81.6","0.0","0.0","0.0"
"South Korea","115","5.1","15.5","2.1","8.4","67.4","37.4","89.6","91.0","0.0","0.0","0.0","0.0","83.2","75.8","72.0","66.4","45.0","70.9","81.9","71.8","70.9","80.6","82.1","56.4","64.8","89.3","77.6","0.0","0.0","0.0"
"South Korea","146","4.5","13.3","2.0","6.8","63.6","36.4","85.4","89.7","90.1","89.3","74.1","91.1","80.3","71.3","65.6","58.2","42.3","43.8","77.8","68.6","69.1","77.8","80.1","57.3","63.1","88.0","75.6","59.9","23.0","57.7"
"South Korea","176","4.1","14.2","2.1","7.9","67.3","38.4","85.5","93.0","90.0","90.0","79.6","92.5","85.8","72.6","67.3","62.6","41.9","43.3","81.2","70.9","68.1","78.7","81.2","56.4","63.7","89.6","77.0","66.5","21.8","60.4"
"South Korea","207","5.1","17.0","2.4","7.2","65.0","37.9","86.1","94.2","92.5","91.4","76.8","94.1","86.4","71.9","66.0","61.3","39.5","39.9","80.8","69.7","65.8","80.2","82.1","58.6","66.3","91.1","77.9","68.1","19.7","65.1"
"South Korea","238","3.0","12.4","2.1","7.7","67.1","42.1","86.1","94.2","93.3","91.6","84.0","93.9","87.8","79.2","71.7","65.6","44.1","55.9","84.7","78.2","73.3","85.5","86.3","63.8","67.5","92.0","78.4","67.6","25.2","68.3"
"South Korea","268","3.4","11.0","2.1","8.2","61.2","39.9","84.1","94.4","92.4","91.8","85.1","94.3","87.1","74.9","73.6","63.1","41.5","43.2","83.5","74.7","71.4","82.7","85.5","58.2","68.6","90.8","80.7","64.8","25.6","64.3"
"South Korea","299","3.0","10.8","2.1","8.5","63.9","35.8","85.4","93.4","89.8","89.4","81.4","91.2","84.6","71.3","67.1","63.1","42.3","43.9","81.8","73.5","72.3","84.4","82.8","60.5","69.7","91.0","80.2","65.7","25.7","64.9"
"South Korea","329","2.6","10.1","1.5","7.4","66.0","43.8","89.3","95.4","94.4","94.0","87.3","94.0","91.8","84.7","74.7","70.1","51.2","63.6","91.0","83.3","76.7","87.1","91.8","65.7","68.5","93.4","78.5","71.7","30.9","69.3"
"South Korea","360","3.7","9.6","1.9","8.0","66.5","36.5","85.0","93.6","92.0","89.6","86.5","91.5","90.3","82.5","75.5","69.5","51.8","56.5","87.8","79.9","74.0","85.0","86.5","63.9","0.0","90.7","81.2","70.3","26.8","68.2"
"South Korea","391","4.7","8.0","2.1","7.7","66.8","31.6","86.7","96.1","93.8","91.5","87.3","93.1","92.1","81.8","77.9","69.0","51.1","55.3","88.6","80.4","74.4","85.9","87.6","65.8","0.0","92.9","83.0","67.0","24.5","68.7"
"South Korea","419","4.3","11.0","1.9","6.8","65.3","33.9","88.1","96.3","95.2","92.9","88.6","94.4","90.9","78.0","73.2","67.4","47.3","48.5","87.7","76.3","74.3","85.2","86.2","60.8","0.0","93.2","83.8","65.3","25.2","65.7"
"South Korea","450","4.4","12.0","1.9","7.0","65.5","32.4","89.0","95.5","93.2","91.7","89.4","92.6","89.7","76.5","73.1","63.8","48.9","40.9","87.3","77.3","75.2","84.9","86.5","59.8","0.0","91.9","82.5","66.5","30.7","68.3"
"South Korea","480","2.7","12.0","1.9","5.6","65.4","33.5","85.8","96.1","93.9","92.5","88.8","93.0","89.8","76.5","68.5","61.1","42.5","43.7","86.2","74.3","71.8","85.4","85.2","55.7","0.0","92.3","81.0","64.1","24.1","62.7"
"Spain","85","3.1","6.1","0.6","10.0","89.9","16.5","89.8","67.5","0.0","0.0","0.0","0.0","92.7","90.7","91.5","91.7","75.3","93.2","95.1","91.6","95.1","96.4","94.6","81.2","76.7","93.5","73.7","0.0","0.0","0.0"
"Spain","115","2.2","5.7","1.1","10.3","88.4","16.5","88.4","84.9","0.0","0.0","0.0","0.0","92.3","80.1","87.8","88.5","62.1","88.1","91.3","83.9","89.7","93.5","92.6","77.5","74.0","94.2","81.1","0.0","0.0","0.0"
"Spain","146","3.1","10.5","1.6","11.0","85.5","19.3","87.5","93.6","96.3","94.7","79.3","92.9","87.0","56.9","78.4","79.9","44.4","76.5","74.6","56.8","67.2","82.6","86.6","62.3","70.4","93.3","88.0","54.1","31.8","53.0"
"Spain","176","3.2","12.8","1.9","12.0","88.8","16.3","87.5","97.2","98.6","98.1","80.6","96.6","90.0","48.3","75.2","71.9","35.9","67.6","67.7","48.4","62.2","80.5","85.0","53.8","68.3","95.6","91.6","54.6","33.1","55.6"
"Spain","207","3.6","15.9","1.9","10.4","87.1","17.6","87.0","97.2","97.6","97.7","85.7","96.2","89.2","47.9","77.1","71.3","31.5","52.8","68.9","49.3","64.1","84.2","85.6","51.9","68.8","94.8","91.4","56.0","35.0","56.5"
"Spain","238","3.0","12.7","1.9","11.5","89.0","16.6","85.3","97.9","98.1","97.5","89.0","96.7","90.5","49.1","74.4","71.4","29.5","28.0","70.1","48.7","66.7","86.7","85.1","47.9","70.2","95.6","90.9","52.6","45.0","62.0"
"Spain","268","3.0","12.1","1.7","11.0","89.0","17.3","83.8","98.1","98.4","98.1","89.8","97.3","91.2","55.9","75.3","71.4","29.4","23.7","75.2","55.8","73.2","89.6","85.2","49.0","70.2","95.7","91.9","54.9","41.6","61.8"
"Spain","299","3.1","12.5","1.6","14.9","88.1","16.7","84.7","98.0","98.1","98.4","91.7","97.5","92.3","62.7","75.9","75.5","31.2","20.1","80.0","65.6","79.9","91.5","88.3","53.9","71.0","95.9","90.6","56.3","37.1","65.5"
"Spain","329","2.2","10.5","1.7","11.1","85.9","16.3","84.3","98.2","98.3","98.4","91.4","97.7","93.3","62.9","73.4","73.0","28.6","23.1","79.7","63.3","79.3","91.2","87.9","54.9","69.1","96.8","91.8","57.9","30.4","60.9"
"Spain","360","2.4","10.0","1.4","10.2","86.7","16.7","83.3","97.9","97.7","97.4","92.6","97.3","93.7","71.0","82.5","78.4","38.2","30.7","85.2","72.4","85.0","93.9","89.9","62.8","0.0","95.7","90.6","56.3","33.6","64.5"
"Spain","391","2.5","10.4","1.7","10.0","89.8","15.5","84.8","97.9","97.8","97.8","92.4","97.3","95.1","70.0","81.4","77.3","36.1","27.6","86.7","78.0","88.3","93.9","89.5","65.1","0.0","96.6","91.9","55.8","31.4","64.2"
"Spain","419","2.5","11.1","1.7","10.2","89.2","16.2","83.5","97.7","97.7","97.7","92.4","97.2","94.1","62.3","78.0","74.8","37.0","25.0","84.1","71.5","83.3","93.2","88.8","55.9","0.0","95.9","91.4","55.0","28.2","62.5"
"Spain","450","2.8","10.7","1.8","9.0","87.8","16.5","82.4","97.3","97.3","96.3","89.2","96.0","91.5","56.3","75.3","71.2","33.9","24.3","81.6","65.4","79.1","90.5","86.2","50.7","0.0","95.1","88.2","52.9","25.6","63.1"
"Spain","480","2.4","13.2","2.0","9.2","85.9","15.4","82.6","96.8","96.3","96.3","91.9","96.4","91.6","52.2","70.5","72.3","29.6","28.9","77.3","60.6","74.7","88.2","84.5","47.1","0.0","95.1","89.8","56.4","23.7","62.7"
"Sweden","85","2.4","21.3","1.7","12.0","93.3","11.2","86.8","5.6","0.0","0.0","0.0","0.0","80.9","43.9","73.5","74.7","38.9","26.2","75.3","55.9","71.1","81.1","78.5","49.4","37.5","89.0","54.7","0.0","0.0","0.0"
"Sweden","115","1.9","19.0","1.9","11.0","89.9","12.1","84.2","8.0","0.0","0.0","0.0","0.0","78.4","37.2","67.0","71.7","31.6","21.4","69.5","49.4","63.9","76.0","74.6","45.1","36.8","86.8","57.7","0.0","0.0","0.0"
"Sweden","146","2.9","21.8","2.1","11.3","87.6","13.0","82.0","7.0","6.8","4.5","10.1","7.0","75.6","32.3","59.1","67.7","31.5","19.7","61.9","41.5","58.2","71.2","71.6","40.6","36.2","85.9","61.0","41.1","37.9","52.3"
"Sweden","176","3.3","23.0","2.2","12.0","83.0","12.3","81.4","6.5","6.4","5.4","8.6","7.1","71.8","29.0","53.2","65.4","26.1","15.3","56.5","37.2","54.4","69.3","68.5","37.7","33.9","85.3","61.5","41.8","34.0","50.1"
"Sweden","207","3.7","26.2","2.3","11.7","85.1","12.7","80.7","6.1","6.1","5.3","7.5","7.2","71.3","25.5","50.4","62.6","23.7","13.9","50.9","32.3","48.2","64.9","65.7","33.9","34.6","85.1","65.0","40.5","34.0","49.7"
"Sweden","238","2.8","22.6","2.4","11.0","85.4","12.3","79.5","6.6","6.3","5.9","9.5","7.7","67.5","23.3","45.1","58.1","22.6","14.4","47.6","30.2","44.6","59.9","60.5","30.6","33.5","85.1","64.3","37.0","33.1","48.0"
"Sweden","268","4.7","26.9","2.1","10.8","85.1","13.2","72.6","9.2","7.8","7.3","10.4","9.9","71.6","25.7","46.5","58.5","23.9","14.4","51.0","32.6","47.3","61.9","63.1","31.2","36.0","85.4","66.4","38.8","37.4","51.0"
"Sweden","299","1.9","19.4","1.9","12.0","87.6","12.7","75.7","8.7","8.1","7.0","11.4","10.0","79.3","34.8","57.0","70.9","31.2","11.5","67.8","50.4","68.3","77.8","75.6","46.0","43.4","88.4","71.0","47.4","39.2","58.4"
"Sweden","329","2.6","14.3","1.7","12.4","88.1","12.1","75.2","16.3","15.5","12.8","18.7","14.5","76.4","37.8","57.7","71.5","30.8","23.5","72.0","55.5","71.3","79.3","77.5","51.1","39.9","85.1","69.7","41.3","32.1","57.9"
"Sweden","360","2.3","12.7","1.6","12.1","87.2","11.0","78.7","25.5","23.8","19.5","23.0","27.4","83.4","46.7","65.9","75.6","42.1","25.4","75.1","62.5","74.6","83.2","80.1","57.4","0.0","88.1","73.7","40.6","34.2","61.1"
"Sweden","391","2.5","15.7","1.8","11.1","87.8","10.9","81.8","29.7","26.7","22.8","26.0","32.8","83.1","41.6","61.7","73.2","39.9","21.5","75.1","61.6","76.4","83.0","79.4","54.4","0.0","88.0","74.3","39.1","30.1","59.4"
"Sweden","419","3.2","16.2","1.7","12.8","87.4","10.2","82.5","34.2","31.9","27.1","27.3","39.6","82.6","42.9","60.0","74.0","38.3","23.9","75.0","60.7","74.9","82.3","78.3","54.1","0.0","87.4","72.8","40.8","31.8","59.7"
"Sweden","450","3.1","15.5","1.9","11.4","86.0","10.7","81.1","37.4","33.3","28.8","30.1","41.4","81.7","39.1","59.6","73.3","38.3","21.1","72.9","59.5","72.2","81.3","78.8","52.7","0.0","88.2","71.5","39.7","31.2","57.8"
"Sweden","480","1.8","17.1","2.0","14.2","86.3","10.1","81.7","34.6","33.0","29.0","28.6","39.4","81.8","38.4","58.0","70.5","36.0","16.6","71.7","55.0","70.5","78.2","75.8","47.7","0.0","88.0","71.8","42.0","26.6","58.9"
"Taiwan","85","2.9","12.0","1.8","6.5","26.0","12.8","77.0","83.6","0.0","0.0","0.0","0.0","76.2","53.7","72.6","59.9","38.3","19.4","64.0","52.3","65.4","73.7","76.9","38.7","51.2","87.9","69.7","0.0","0.0","0.0"
"Taiwan","115","2.9","13.3","1.9","5.7","22.0","14.5","73.7","82.7","0.0","0.0","0.0","0.0","72.7","46.8","70.7","57.8","37.5","21.3","59.2","47.5","59.8","69.3","73.4","33.5","49.6","88.2","66.8","0.0","0.0","0.0"
"Taiwan","146","3.6","21.0","2.1","5.9","72.6","12.4","81.4","83.1","67.1","65.4","65.3","84.5","71.6","47.1","65.2","52.7","21.1","14.6","49.4","43.3","53.6","61.3","64.4","31.4","51.8","83.5","46.3","53.9","10.4","30.9"
"Taiwan","176","3.5","22.2","2.1","5.9","73.9","10.5","80.9","81.2","60.4","59.9","59.5","83.9","73.0","41.6","64.5","50.8","24.0","16.6","46.1","40.7","51.0","58.6","62.1","30.3","52.1","85.9","46.5","53.2","12.1","31.1"
"Taiwan","207","3.5","25.4","2.1","5.7","75.7","12.4","79.8","84.2","65.7","64.9","62.9","86.9","73.8","43.1","66.1","50.7","22.3","17.6","50.0","42.3","53.1","61.9","60.2","32.9","52.6","87.1","45.7","57.6","14.0","35.2"
"Taiwan","238","3.0","23.8","2.1","5.8","73.2","11.8","80.8","86.6","67.1","65.8","62.0","88.0","74.2","41.8","65.3","48.5","21.7","14.8","49.8","42.1","50.7","59.6","62.1","28.5","52.1","87.8","44.8","55.8","11.6","33.3"
"Thailand","85","4.2","4.6","1.9","9.2","66.8","11.3","91.0","94.8","0.0","0.0","0.0","0.0","89.6","77.5","76.7","83.2","62.0","86.3","74.0","73.1","81.3","86.6","90.7","61.2","74.5","94.2","89.1","0.0","0.0","0.0"
"Thailand","115","4.6","5.4","2.2","8.9","61.4","12.2","87.9","93.6","0.0","0.0","0.0","0.0","88.5","72.1","73.5","80.3","53.2","81.3","67.1","66.1","76.8","82.6","86.5","55.6","72.1","93.1","88.2","0.0","0.0","0.0"
"Thailand","146","4.2","6.1","2.2","7.7","58.1","12.2","87.7","93.6","94.5","94.6","84.5","94.2","87.3","64.4","66.7","72.6","49.3","72.4","55.3","61.1","69.9","76.7","83.7","50.1","70.5","92.7","87.1","71.8","16.9","57.5"
"Thailand","176","4.6","8.2","2.5","6.8","58.4","13.0","87.6","95.2","93.4","94.6","83.0","95.0","86.7","59.5","66.5","67.8","42.2","46.9","51.2","53.3","64.9","72.3","80.8","45.7","68.3","92.4","84.9","72.4","16.6","58.4"
"Thailand","207","4.6","7.8","2.7","7.0","57.9","13.0","86.1","90.4","93.5","93.5","82.2","95.3","86.4","57.6","66.0","65.7","41.2","45.9","49.5","53.7","63.6","72.6","78.6","44.4","68.6","93.2","83.7","71.7","15.7","56.8"
"Thailand","238","5.2","10.1","2.6","6.1","58.2","12.2","85.0","91.7","93.8","93.6","82.2","95.4","86.1","55.6","63.3","63.8","39.9","42.2","49.6","51.8","61.4","70.0","77.3","40.7","66.0","92.8","82.8","69.8","15.4","56.9"
"United Arab Emirates","85","10.0","12.1","3.4","16.7","72.0","18.8","80.1","78.7","0.0","0.0","0.0","0.0","76.5","69.3","67.3","72.7","63.8","71.4","71.9","71.0","74.2","77.0","77.7","63.5","73.4","80.6","77.3","0.0","0.0","0.0"
"United Arab Emirates","115","3.7","7.2","1.4","13.4","68.4","22.1","83.5","91.8","0.0","0.0","0.0","0.0","89.2","78.9","75.7","81.2","62.1","83.4","83.1","82.6","84.9","88.6","89.6","68.8","83.0","92.2","89.6","0.0","0.0","0.0"
"United Arab Emirates","146","3.2","8.1","1.5","12.6","68.3","18.9","84.6","94.0","92.0","92.1","91.7","92.5","89.6","74.1","74.2","78.7","55.0","82.8","81.4","79.0","84.3","88.1","89.4","62.4","82.3","93.4","89.2","59.7","25.0","64.0"
"United Arab Emirates","176","3.3","10.3","2.0","11.5","65.4","17.5","84.2","94.9","93.4","93.6","90.7","93.7","89.8","67.4","71.8","75.7","50.0","77.6","78.5","76.1","81.0","87.4","88.3","59.5","83.4","92.7","91.1","62.3","24.5","63.3"
"United Arab Emirates","207","3.8","9.6","2.1","12.8","64.6","16.9","82.0","94.9","94.5","93.4","91.5","93.6","88.9","65.8","69.6","73.2","46.5","72.1","74.3","74.8","78.4","85.0","87.8","55.2","81.2","93.5","89.9","60.1","26.1","61.3"
"United Arab Emirates","238","4.8","9.8","2.0","11.2","64.2","19.0","81.1","93.5","92.8","92.8","89.5","93.3","89.0","64.7","69.5","71.1","44.9","68.3","74.5","75.2","79.9","86.9","87.1","55.3","81.0","92.9","89.6","60.5","26.6","63.2"
"United Kingdom","85","2.2","4.0","1.0","10.6","92.8","17.2","95.7","13.4","0.0","0.0","0.0","0.0","87.7","80.8","82.5","92.0","71.7","83.6","96.3","92.8","96.2","97.0","95.0","70.3","63.0","94.1","56.8","0.0","0.0","0.0"
"United Kingdom","115","1.9","5.6","0.9","11.7","90.7","16.5","92.4","20.7","0.0","0.0","0.0","0.0","85.8","67.7","72.8","90.5","65.9","77.0","93.6","89.2","93.7","95.8","91.4","60.8","57.4","92.6","59.8","0.0","0.0","0.0"
"United Kingdom","146","2.1","5.8","1.0","11.6","90.3","18.1","90.2","29.5","28.2","20.2","16.0","25.8","81.5","58.4","65.7","87.4","59.8","55.4","87.3","74.6","85.3","93.2","88.8","55.0","55.7","92.3","66.5","46.4","31.4","56.0"
"United Kingdom","176","2.0","9.0","1.1","12.2","89.8","17.9","90.9","48.1","47.9","35.5","24.7","39.0","75.5","47.4","55.3","77.0","47.5","38.4","69.0","56.7","70.7","84.4","82.0","48.1","55.0","92.3","74.7","43.4","26.7","55.8"
"United Kingdom","207","2.1","13.8","1.2","12.1","88.1","22.0","88.2","76.5","86.8","70.0","33.7","58.4","73.4","38.3","49.2","71.7","40.3","25.3","61.0","47.4","61.9","80.6","76.9","38.1","51.7","92.9","80.8","40.4","28.6","55.9"
"United Kingdom","238","2.1","15.5","1.3","12.4","89.8","24.2","88.4","79.5","89.0","73.9","36.7","63.1","73.6","36.4","47.3","68.7","37.2","9.9","61.1","48.2","64.6","82.0","75.3","34.5","53.0","94.0","82.1","41.2","31.0","57.6"
"United Kingdom","268","2.4","13.5","1.2","12.4","88.1","22.2","88.3","83.1","91.2","80.3","47.2","69.6","79.1","43.4","51.8","71.5","40.3","13.3","71.7","59.4","74.1","86.4","78.0","36.4","54.1","93.2","82.4","44.0","32.4","59.2"
"United Kingdom","299","1.5","9.5","1.1","13.5","89.0","21.1","89.6","82.8","92.5","77.8","55.8","69.5","85.1","54.9","58.1","76.0","44.6","11.1","86.0","76.9","86.0","91.4","83.1","46.3","57.3","93.5","80.7","42.4","29.5","61.8"
"United Kingdom","329","2.2","10.3","1.0","10.2","90.8","19.1","90.8","82.9","92.4","80.1","58.9","71.7","88.3","60.8","67.1","82.6","52.7","22.5","87.3","81.6","87.7","93.0","87.3","51.7","58.0","95.1","82.8","46.0","26.5","60.9"
"United Kingdom","360","1.6","5.5","0.9","11.7","89.7","17.1","92.0","79.1","90.0","73.4","65.5","69.5","90.0","73.0","73.9","86.2","62.2","60.6","92.2","90.4","93.3","95.3","90.1","62.8","0.0","94.8","82.1","47.2","28.8","68.3"
"United Kingdom","391","2.7","7.0","1.0","11.7","90.9","16.0","92.1","81.0","92.1","71.6","65.4","69.4","92.1","72.1","71.9","87.2","59.3","59.2","93.3","91.6","94.7","96.1","91.3","63.0","0.0","95.4","82.9","44.4","24.2","66.9"
"United Kingdom","419","1.6","8.7","1.0","10.8","89.1","17.4","89.0","79.3","91.8","68.9","65.7","67.5","88.4","61.5","66.1","81.9","56.1","26.2","89.5","86.1","91.2","93.4","87.0","55.1","0.0","94.8","82.3","42.5","22.7","64.4"
"United Kingdom","450","1.6","9.4","1.2","11.6","88.7","17.7","89.7","81.0","92.4","73.2","63.0","70.0","87.2","50.4","64.0","79.6","52.8","18.0","85.7","71.9","82.6","91.3","84.1","46.5","0.0","94.9","81.7","42.2","20.9","60.7"
"United Kingdom","480","1.7","14.2","1.2","10.3","87.1","17.3","89.1","81.9","93.2","81.7","64.3","74.6","85.4","44.8","57.1","71.7","45.4","15.9","77.6","64.4","75.6","85.7","78.0","38.5","0.0","94.6","83.1","42.2","19.6","58.6"
"United States","85","2.8","8.2","1.1","12.7","83.4","17.2","89.2","44.0","0.0","0.0","0.0","0.0","84.2","72.9","77.7","84.0","57.7","78.9","82.1","76.3","82.4","87.7","86.5","73.6","67.8","89.2","68.7","0.0","0.0","0.0"
"United States","115","2.5","9.9","1.2","10.4","76.7","16.6","84.2","72.8","0.0","0.0","0.0","0.0","80.1","64.1","71.9","82.2","49.8","75.2","75.4","69.5","75.0","81.9","81.2","65.5","63.0","88.6","68.1","0.0","0.0","0.0"
"United States","146","2.9","14.9","1.4","9.4","71.5","17.6","81.8","73.9","73.7","64.1","61.4","56.5","74.9","52.6","63.5","75.5","43.6","62.8","63.8","57.4","63.6","73.7","74.9","56.0","62.3","87.6","68.5","52.0","24.2","50.3"
"United States","176","4.1","14.6","1.6","10.9","73.5","17.9","81.5","79.3","81.0","71.9","70.5","62.6","78.9","55.9","60.6","75.4","43.4","62.1","64.5","56.9","64.2","74.3","76.6","57.0","62.8","89.6","72.9","56.4","25.3","54.4"
"United States","207","3.5","15.0","1.5","10.6","75.7","18.2","83.7","84.4","88.2","77.4","70.7","65.1","80.3","53.9","59.5","76.6","42.5","58.9","64.6","57.0","66.5","76.8","78.8","55.5","62.1","92.2","73.8","56.1","22.2","54.0"
"United States","238","3.3","15.3","1.6","10.0","71.2","17.6","82.9","83.6","86.8","77.9","70.3","63.0","77.8","49.4","56.5","73.7","37.3","52.8","59.9","54.1","63.4","74.9","76.7","50.3","58.0","90.3","72.1","52.7","23.3","53.4"
"United States","391","3.2","18.8","2.2","9.1","74.7","19.0","80.4","83.7","87.8","80.1","74.3","71.0","83.3","50.0","61.1","77.5","37.9","48.7","66.7","61.2","67.0","73.8","75.2","49.9","0.0","90.9","74.0","46.3","23.4","53.4"
"United States","419","2.4","16.2","1.9","11.5","71.7","18.3","77.2","80.7","83.5","75.8","68.0","67.9","76.3","48.7","56.0","72.9","34.8","47.3","61.3","56.1","62.6","69.6","71.3","46.9","0.0","86.7","70.5","45.9","20.1","49.6"
"United States","450","3.4","19.2","1.8","8.9","71.4","17.1","79.7","80.3","85.1","75.5","68.5","68.0","77.6","47.1","57.2","71.3","41.3","47.8","61.3","55.1","60.6","68.3","70.0","48.0","0.0","87.1","70.1","45.9","20.1","48.7"
"United States","480","2.8","21.0","2.0","9.3","65.1","15.4","78.3","78.1","79.7","71.6","64.4","65.6","74.0","42.6","53.3","67.5","45.1","48.2","56.3","51.3","56.2","62.2","66.6","44.4","0.0","84.8","68.4","44.5","17.1","44.9"
"Vietnam","85","4.1","15.0","2.0","10.5","65.4","6.6","91.8","94.3","0.0","0.0","0.0","0.0","89.7","78.9","76.1","85.7","67.2","83.4","66.5","77.5","83.0","86.2","89.3","65.4","81.2","91.8","86.2","0.0","0.0","0.0"
"Vietnam","115","4.3","29.9","3.0","8.7","56.2","7.1","89.0","91.7","0.0","0.0","0.0","0.0","84.7","58.9","62.0","74.6","49.8","50.3","50.5","60.0","69.4","75.5","78.6","51.0","77.9","90.7","83.1","0.0","0.0","0.0"
"Vietnam","146","5.9","36.7","3.3","8.7","57.1","6.5","89.8","91.6","82.7","78.9","63.5","90.9","84.1","55.0","57.4","69.7","44.2","39.8","45.5","53.9","62.5","69.4","72.2","48.1","77.7","90.9","81.7","73.8","25.7","56.7"
"Vietnam","176","5.5","33.1","3.5","7.8","57.1","6.9","88.8","91.0","81.0","77.5","62.0","89.7","83.6","52.1","54.9","66.7","44.6","38.8","41.0","52.4","60.8","65.4","69.1","45.6","78.0","89.3","81.6","74.2","26.6","58.6"
"Vietnam","207","6.4","26.7","2.6","9.3","64.9","6.3","90.9","94.6","92.3","91.9","79.7","94.9","89.0","66.9","71.8","80.0","53.5","54.3","54.9","62.4","76.1","82.1","85.8","58.7","81.3","93.5","86.4","79.8","29.0","67.7"
"Vietnam","238","6.1","31.6","3.4","7.3","63.8","5.1","89.9","93.9","89.5","88.9","72.2","93.4","84.9","59.5","66.0","72.4","48.4","37.2","45.5","56.8","66.7","74.0","77.8","50.1","78.9","91.9","83.9","77.2","29.7","65.0"
