2000,Budweiser,TRUE,TRUE,FALSE,FALSE,FALSE,FALSE,FALSE,3624622,24840,521,1498,budweiser wassup commercial
2000,Budweiser,TRUE,FALSE,FALSE,FALSE,TRUE,TRUE,FALSE,111442,163,5,8,Super Bowl XXXIV Commercial. Budweiser. The Dog Star.
2000,E-Trade,TRUE,TRUE,FALSE,FALSE,FALSE,TRUE,FALSE,9036,51,2,7,"E*TRADE - Monkey (2000, USA)"
2000,E-Trade,TRUE,TRUE,FALSE,FALSE,TRUE,FALSE,FALSE,67182,121,4,6,"Superbowl (2000) E-Trade: ""Money Out The Wazoo"""
2000,Budweiser,TRUE,TRUE,FALSE,FALSE,FALSE,FALSE,FALSE,5264,10,1,1,WHASSUP GIRLFRIEND - Budweiser Commercial 2000
2000,Bud Light,TRUE,TRUE,FALSE,FALSE,TRUE,FALSE,FALSE,6641,7,1,1,Bud Light-03 (elevator)
2001,Budweiser,FALSE,FALSE,FALSE,TRUE,FALSE,FALSE,FALSE,77142,334,4,71,NSync - Budweiser Commercial
2001,Pepsi,TRUE,TRUE,FALSE,FALSE,FALSE,FALSE,TRUE,65162,109,4,38,funny pepsi commercial
2001,Bud Light,TRUE,FALSE,FALSE,FALSE,TRUE,FALSE,TRUE,60774,269,10,18,Bud Light Funny Pencil Advertisement
2001,Budweiser,TRUE,TRUE,FALSE,FALSE,FALSE,FALSE,FALSE,50088,151,3,16,2001 Commercial - Budweiser: What Are YOU Doing?
2001,E-Trade,TRUE,FALSE,FALSE,FALSE,TRUE,FALSE,FALSE,6513,12,4,3,ETrade Commercial - Matrix
2001,E-Trade,FALSE,FALSE,FALSE,FALSE,TRUE,TRUE,FALSE,103433,167,7,3,E-Trade Chimp On a Horse TV Commercial
2001,Pepsi,TRUE,FALSE,FALSE,TRUE,TRUE,FALSE,FALSE,1475,14,0,2,Pepsi - Chessmaster Garry Kasparov Super Bowl XXXV 2001
2001,Bud Light,TRUE,TRUE,FALSE,FALSE,FALSE,TRUE,FALSE,2801,9,0,1,Bud Light Commercial from 2001 Otto the Obese Dog
2001,Doritos,TRUE,TRUE,FALSE,TRUE,FALSE,FALSE,TRUE,2985,15,0,1,Dorrito's featuring Ali Landry Television Commercial 2001 Tennis
2001,Pepsi,TRUE,FALSE,TRUE,TRUE,FALSE,TRUE,TRUE,12106,10,1,1,Pepsi - Bob Dole Super Bowl XXXV 2001
2001,Bud Light,TRUE,FALSE,FALSE,TRUE,FALSE,FALSE,TRUE,998,3,0,0,Bud Light - Cedric Date
2001,Pepsi,TRUE,FALSE,FALSE,FALSE,FALSE,FALSE,TRUE,788,4,2,0,Pepsi 90's commercial - SUBWAY
2002,Pepsi,FALSE,TRUE,FALSE,TRUE,FALSE,FALSE,TRUE,385777,5929,73,261,Britney Spears - Pepsi Now and Then Commercial [HD Master]
2002,Budweiser,FALSE,TRUE,TRUE,FALSE,FALSE,TRUE,FALSE,121400,642,10,50,"Budweiser - Respect (2002, USA)"
2002,Bud Light,TRUE,FALSE,FALSE,FALSE,TRUE,FALSE,FALSE,63129,178,5,15,Bud Light Battle Bot commercial
2002,Budweiser,TRUE,TRUE,FALSE,FALSE,FALSE,FALSE,FALSE,38574,199,7,8,Budweiser Commercial -- How you doin'
2002,Bud Light,TRUE,FALSE,FALSE,FALSE,TRUE,FALSE,TRUE,67452,270,15,7,Bud Light - Satin Sheets
2002,Bud Light,TRUE,TRUE,FALSE,TRUE,TRUE,FALSE,TRUE,4641,19,0,2,Bud Light - Cedric the entertainer Superbowl XXXVI Commercial 2002
2002,Bud Light,TRUE,TRUE,FALSE,FALSE,TRUE,TRUE,TRUE,3548,13,0,0,Bud Light - Hawk Superbowl XXXVI Commercial
2002,E-Trade,TRUE,TRUE,FALSE,FALSE,FALSE,TRUE,TRUE,1361,9,0,0,"E*TRADE Financial - Monkey Musical (2002, USA)"
2002,Budweiser,TRUE,FALSE,FALSE,FALSE,FALSE,FALSE,FALSE,13245,49,3,0,Budweiser True Cards
2003,Bud Light,TRUE,TRUE,FALSE,FALSE,FALSE,FALSE,FALSE,177285,229,10,32,Bud Light commercial - upside down clown
2003,Bud Light,TRUE,TRUE,FALSE,FALSE,FALSE,FALSE,FALSE,175482,268,15,32,Bud Light Commercial-Mother-in-Law
2003,NFL,FALSE,FALSE,FALSE,TRUE,FALSE,FALSE,FALSE,18670,42,1,4,NFL- Crazy
2003,Bud Light,TRUE,TRUE,FALSE,FALSE,TRUE,TRUE,TRUE,13741,20,3,2,bud light pick up
2003,Bud Light,TRUE,TRUE,FALSE,FALSE,FALSE,FALSE,TRUE,147160,53,15,2,"Bud Light ""Yoga"""
2003,Budweiser,TRUE,TRUE,FALSE,FALSE,FALSE,TRUE,FALSE,2732,8,0,1,"Budweiser ""Instant Replay"" 2003"
2003,Bud Light,TRUE,TRUE,FALSE,FALSE,TRUE,FALSE,FALSE,3754,18,1,1,Bud Light - Strongman
2003,Bud Light,TRUE,TRUE,FALSE,FALSE,FALSE,TRUE,FALSE,16083,60,3,1,Budweiser - No dogs allowed
2003,Budweiser,TRUE,FALSE,FALSE,FALSE,FALSE,FALSE,TRUE,21813,10,0,0,Budweiser Ad Spot: Roommate
2003,Budweiser,TRUE,TRUE,FALSE,FALSE,FALSE,FALSE,FALSE,27378,18,2,0,Budweiser great listener
2004,Budweiser,FALSE,TRUE,TRUE,FALSE,FALSE,TRUE,FALSE,1939823,3744,108,279,Budweiser Donkey
2004,Budweiser,TRUE,FALSE,FALSE,FALSE,FALSE,FALSE,FALSE,327529,803,42,73,Budweiser Commercial- Referee Training
2004,Bud Light,TRUE,TRUE,FALSE,FALSE,FALSE,TRUE,TRUE,3739,115,1,59,Frank the Monkey Bud Light
2004,Toyota,TRUE,TRUE,FALSE,FALSE,TRUE,FALSE,FALSE,112297,640,9,52,Toyota Tacoma Double Cab Girlfriend Commercial
2004,Pepsi,TRUE,FALSE,FALSE,FALSE,FALSE,TRUE,FALSE,179695,295,12,37,Super Bowl XXXVIII Commercial - Pepsi Bears
2004,Budweiser,TRUE,FALSE,FALSE,TRUE,FALSE,TRUE,TRUE,88458,351,6,30,Budweiser Dale Earnhardt Jr Forgotten Lipstick Commercial
2004,Pepsi,TRUE,TRUE,FALSE,FALSE,FALSE,FALSE,FALSE,55676,222,9,26,Jimi Hendrix Pepsi Vs Coca Cola Commercial
2004,Bud Light,TRUE,FALSE,FALSE,FALSE,TRUE,TRUE,TRUE,88445,118,6,8,Bud Light Sleigh Ride Commercial
2004,Bud Light,TRUE,TRUE,FALSE,FALSE,TRUE,FALSE,FALSE,561,6,0,1,Bud Light Paintball Commercial.avi
2004,Bud Light,TRUE,TRUE,FALSE,TRUE,FALSE,FALSE,TRUE,39730,37,1,1,Bud Light: Spa
2004,Bud Light,TRUE,TRUE,FALSE,FALSE,TRUE,TRUE,FALSE,5699,27,1,0,Bud Light Ad   Fergus Bud Light Bad dog!
2005,Pepsi,TRUE,TRUE,FALSE,TRUE,FALSE,FALSE,TRUE,43983,93,5,13,Pepsi Truck Commercial
2005,Bud Light,TRUE,TRUE,FALSE,FALSE,TRUE,TRUE,TRUE,8990,29,0,3,Bud Light Cockato ad
2005,Bud Light,TRUE,FALSE,FALSE,FALSE,FALSE,FALSE,FALSE,16997,69,3,2,Bud Light Legends - Skydiver
2005,Bud Light,TRUE,TRUE,FALSE,TRUE,FALSE,TRUE,TRUE,3183,4,0,1,Bud Lighta Cedric a Island Fantasy 2005
2005,Bud Light,TRUE,TRUE,FALSE,TRUE,FALSE,TRUE,TRUE,3183,4,0,1,Bud Lighta Cedric a Island Fantasy 2005
2005,Bud Light,TRUE,TRUE,FALSE,TRUE,FALSE,TRUE,TRUE,3183,4,0,1,Bud Lighta Cedric a Island Fantasy 2005
2005,Bud Light,TRUE,TRUE,FALSE,TRUE,FALSE,TRUE,TRUE,3183,4,0,1,Bud Lighta Cedric a Island Fantasy 2005
2005,Pepsi,TRUE,TRUE,FALSE,FALSE,FALSE,FALSE,FALSE,111,0,0,0,Pepsi iTunes Free Song Promotion (2005)
2005,Pepsi,TRUE,FALSE,FALSE,TRUE,FALSE,FALSE,TRUE,293,3,0,0,"Diet Pepsi - Guy Watcher (with Carson and Cindy, 2005)"
2006,Budweiser,TRUE,FALSE,FALSE,FALSE,FALSE,TRUE,TRUE,746836,2179,78,95,Budweiser 'Lamb Streaker'
2006,Pepsi,TRUE,TRUE,FALSE,TRUE,TRUE,FALSE,FALSE,69440,70,7,11,Jackie Chan Diet Pepsi Ad
2006,Pepsi,TRUE,TRUE,FALSE,TRUE,FALSE,FALSE,TRUE,6430,45,0,10,Brown & Bubbly
2006,Budweiser,TRUE,TRUE,FALSE,FALSE,TRUE,FALSE,FALSE,120196,167,15,10,"Super Bowl 2006: Bud Light ""On the Roof"""
2006,Budweiser,TRUE,TRUE,FALSE,FALSE,FALSE,FALSE,FALSE,85274,78,16,10,"Super Bowl 2006: Budweiser ""The Wave"""
2006,Bud Light,TRUE,TRUE,FALSE,FALSE,FALSE,FALSE,FALSE,95355,328,14,9,Funny Bud Light Commercial Secret Magic Fridge
2006,Bud Light,TRUE,FALSE,FALSE,FALSE,TRUE,TRUE,FALSE,142310,129,15,9,"Super Bowl 2006: Bud Light ""Save Yourself"""
2007,Bud Light,TRUE,TRUE,FALSE,TRUE,FALSE,FALSE,FALSE,955616,1301,134,194,Super Bowl XLI Commercial -Bud Light Starring: Carlos Mencia
2007,Doritos,TRUE,TRUE,FALSE,FALSE,TRUE,FALSE,TRUE,1683994,2508,861,160,Live the Flavor
2007,Toyota,FALSE,TRUE,FALSE,FALSE,FALSE,FALSE,FALSE,286010,221,62,114,Toyota Tundra See Saw
2007,Coca-Cola,FALSE,TRUE,TRUE,FALSE,TRUE,TRUE,FALSE,249186,452,49,75,"2007 Super Bowl Commercials - Coca Cola, Video Game"
2007,Doritos,TRUE,TRUE,FALSE,FALSE,FALSE,FALSE,TRUE,292010,244,74,52,2007 Super Bowl Commercial Doritos Checkout Girl
2007,Bud Light,TRUE,TRUE,FALSE,FALSE,TRUE,FALSE,FALSE,72997,86,30,33,Bud Light Slap
2007,Bud Light,TRUE,TRUE,FALSE,FALSE,TRUE,FALSE,FALSE,218329,309,8,29,2007 Budweiser Super Bowl Commercial Rock-Paper-Scissors
2007,Bud Light,TRUE,TRUE,FALSE,FALSE,TRUE,FALSE,FALSE,177497,392,9,28,Super Bowl XLI BudLight Hitch Hiker Commercial
2007,E-Trade,TRUE,FALSE,TRUE,FALSE,FALSE,FALSE,FALSE,97247,97,22,23,Etrade One Finger Super Bowl XLI Commercial
2007,Budweiser,TRUE,TRUE,FALSE,FALSE,FALSE,TRUE,TRUE,184689,133,24,13,"2007 Super Bowl Commercials - Budweiser, King Crab"
2007,Budweiser,FALSE,FALSE,FALSE,FALSE,TRUE,TRUE,FALSE,48035,47,2,1,2014 Super Bowl Commercial Budweiser Dalmatian - 2007 Super Bowl Commercial TVC
2007,Coca-Cola,FALSE,TRUE,FALSE,FALSE,FALSE,TRUE,FALSE,11311,29,3,1,Coca-Cola Happiness Factory commercial HD
2007,Budweiser,FALSE,FALSE,FALSE,TRUE,FALSE,FALSE,FALSE,186,0,0,0,Universal Casting Budweiser Commercial
2007,Bud Light,TRUE,TRUE,FALSE,FALSE,FALSE,TRUE,FALSE,162,0,0,0,"2007 Super Bowl Commercials   Bud Light, Apes"
2008,Bud Light,TRUE,TRUE,FALSE,TRUE,FALSE,FALSE,TRUE,1060001,1384,121,180,Bud Light Jackie Moon TV Commercial
2008,Bud Light,TRUE,TRUE,TRUE,TRUE,FALSE,FALSE,TRUE,729583,588,180,119,Bud Light Language of Love Commercial
2008,Doritos,TRUE,TRUE,FALSE,FALSE,TRUE,FALSE,FALSE,232124,988,31,96,"Funny Super Bowl Commercial 2008 - Doritos: ""Mouse Trap"""
2008,Bud Light,TRUE,TRUE,FALSE,FALSE,FALSE,FALSE,FALSE,598260,755,54,83,Bud Light Wheel Suck Commercial
2008,Pepsi,TRUE,FALSE,FALSE,TRUE,TRUE,FALSE,TRUE,236941,594,14,65,Justin Timberlake Pepsi Ad
2008,Bud Light,TRUE,FALSE,FALSE,FALSE,FALSE,FALSE,FALSE,555734,414,58,45,Bud Light Wine & Cheese Party Commercial
2008,Coca-Cola,TRUE,TRUE,FALSE,TRUE,TRUE,TRUE,FALSE,62538,217,4,29,"Coca Cola ""It's Mine"" Super Bowl commercial"
2008,Bud Light,TRUE,TRUE,FALSE,FALSE,FALSE,FALSE,TRUE,166102,161,10,24,Bud Light Commercial - X-Ray Vision
2008,Hynudai,FALSE,TRUE,FALSE,FALSE,FALSE,FALSE,FALSE,13312,18,11,24,Hyundai SuperBowl Commercial: 2008Genesis vs. Mercedes & BMW
2008,Budweiser,FALSE,TRUE,TRUE,FALSE,FALSE,TRUE,FALSE,110004,300,7,21,Budweiser Clydesdale Team Commercial
2008,Coca-Cola,TRUE,TRUE,TRUE,TRUE,FALSE,FALSE,FALSE,14267,36,2,7,Coca-Cola: Political Parties (Super Bowl 42 Commercial)
2008,Bud Light,TRUE,TRUE,FALSE,FALSE,TRUE,TRUE,FALSE,24595,26,3,5,Budweiser breath fire superbowl commercial
2008,Bud Light,TRUE,TRUE,FALSE,FALSE,FALSE,FALSE,FALSE,9335,12,1,1,"New Super Bowl Commercial 2008 -  Bud Light: ""Ability to Fly"
2009,Coca-Cola,TRUE,FALSE,FALSE,FALSE,FALSE,TRUE,FALSE,1452877,3511,296,523,Coca-Cola Avatar
2009,Doritos,TRUE,TRUE,FALSE,FALSE,TRUE,TRUE,TRUE,640393,1921,215,208,Power of the Crunch
2009,Hynudai,TRUE,TRUE,FALSE,FALSE,FALSE,FALSE,FALSE,373684,585,178,118,Bosses
2009,Coca-Cola,FALSE,TRUE,FALSE,FALSE,FALSE,TRUE,FALSE,503550,1490,296,88,Heist - Coca-Cola Commercial
2009,E-Trade,TRUE,TRUE,FALSE,FALSE,FALSE,FALSE,FALSE,358142,763,24,51,ETRADE BABY Superbowl 43 XLIII Commercial
2009,Pepsi,TRUE,FALSE,FALSE,FALSE,TRUE,FALSE,FALSE,129399,345,12,42,Pepsi Max - I'm Good Super Bowl XLIII Commercial 2009
2009,Budweiser,FALSE,TRUE,TRUE,FALSE,FALSE,TRUE,FALSE,302143,527,15,36,Budweiser - Clydesdale Generations Super Bowl XLIII Commercial 2009
2009,Bud Light,TRUE,TRUE,FALSE,FALSE,TRUE,FALSE,FALSE,54079,171,7,25,2009 Super Bowl Ad Bud Light Office Meeting
2009,Coca-Cola,TRUE,TRUE,FALSE,TRUE,TRUE,FALSE,FALSE,45799,99,7,21,Mean Troy - Coke Zero Super Bowl Ad
2009,Budweiser,TRUE,TRUE,TRUE,FALSE,FALSE,TRUE,FALSE,49339,67,2,8,Budweiser - Fetch Super Bowl XLIII Commercial 209
2009,Doritos,TRUE,TRUE,FALSE,FALSE,FALSE,FALSE,FALSE,41379,103,9,7,Super Bowl XLIII Commercial Doritos Beer Ad Funny Exclusive New Flavor Pitch
2009,Bud Light,TRUE,TRUE,FALSE,FALSE,TRUE,FALSE,TRUE,30123,33,2,6,Bud Light - Skier Super Bowl XLIII Commercial 2009
2009,Doritos,TRUE,TRUE,FALSE,FALSE,TRUE,FALSE,FALSE,20130,46,6,4,Super Bowl 2009 Ad - Doritos Crystal Ball
2009,Pepsi,FALSE,FALSE,TRUE,TRUE,TRUE,FALSE,FALSE,1294,7,0,2,Pepsi Super Bowl 2009 Commercial: Anthem
2009,Hynudai,FALSE,TRUE,FALSE,FALSE,FALSE,FALSE,FALSE,7253,6,1,0,Hyundai Assurance Super Bowl Ad [HQ]
2010,E-Trade,TRUE,TRUE,FALSE,FALSE,FALSE,FALSE,TRUE,1046640,1206,58,204,E-Trade Baby Girlfriend Super Bowl Commercial 2010
2010,Doritos,TRUE,TRUE,FALSE,FALSE,TRUE,FALSE,FALSE,219464,1136,28,94,Dorito Ninja Super Bowl Commercial 2010
2010,Hynudai,FALSE,FALSE,FALSE,TRUE,FALSE,FALSE,FALSE,176547,306,11,84,[HD] Super Bowl 2010 Commercial with Brett Favre | New Hyundai Super Bowl 44 XLIV Commercial
2010,NFL,FALSE,FALSE,TRUE,FALSE,FALSE,FALSE,FALSE,91378,404,14,32,NFL - Super Bowl XLIV Best Fans on the Planet (Reggie Bush Slow Motion)
2010,Bud Light,TRUE,FALSE,FALSE,FALSE,FALSE,FALSE,FALSE,85454,120,3,24,Bud Light Stranded Super Bowl Commercial 2010
2010,Bud Light,TRUE,TRUE,FALSE,TRUE,FALSE,FALSE,FALSE,34565,100,6,15,t-pain bud light superbowl 44 commercial hd
2010,Doritos,TRUE,TRUE,FALSE,FALSE,TRUE,TRUE,FALSE,132054,273,18,15,"Doritos SuperBowl Commercial - ""Dog Shock Collar"""
2010,Kia,TRUE,TRUE,FALSE,FALSE,FALSE,TRUE,TRUE,50850,92,4,11,Kia - Big Game (2010 Super bowl Ad)
2010,Hynudai,FALSE,TRUE,TRUE,FALSE,FALSE,FALSE,FALSE,68458,46,14,8,[HD] 2010 Super Bowl Commercial | New Hyundai Super Bowl 44 XLIV Ad | Hyundai Body Pass 2011 Sonata
2010,Doritos,TRUE,TRUE,FALSE,FALSE,FALSE,FALSE,FALSE,11608,22,0,3,Doritos commercial :casket
2010,Bud Light,TRUE,FALSE,FALSE,FALSE,TRUE,FALSE,TRUE,3805,9,0,1,[HD] Exclusive Bud Light Scientist 2010 SuperBowl 44 XLIV Commercial Ad
2010,Budweiser,TRUE,TRUE,TRUE,FALSE,FALSE,TRUE,FALSE,42,1,0,0,Budweiser - Body Bridge (2010) [HD]
2011,Coca-Cola,FALSE,FALSE,FALSE,FALSE,FALSE,FALSE,FALSE,113771,235,8,29,Coca-Cola Border SUPER BOWL COMMERCIAL 2011
2011,Doritos,TRUE,TRUE,FALSE,FALSE,TRUE,TRUE,FALSE,122388,561,8,25,Doritos pug attack commercial original
2011,Kia,TRUE,TRUE,FALSE,FALSE,TRUE,FALSE,TRUE,36832,200,7,12,Kia Optima - One Epic Ride
2011,Pepsi,TRUE,TRUE,FALSE,FALSE,TRUE,FALSE,TRUE,204026,476,159,9,PEPSI MAX - LOVE HURTS
2011,Coca-Cola,TRUE,FALSE,FALSE,FALSE,TRUE,TRUE,FALSE,87396,53,2,2,"Coca-Cola ""Siege"" Super Bowl ad"
2011,Hynudai,TRUE,FALSE,FALSE,FALSE,FALSE,FALSE,FALSE,319,0,0,0,Hyundai Elantra - Another version - Hypnotized  Super Bowl spot commercial 2016
2011,Hynudai,FALSE,FALSE,FALSE,FALSE,FALSE,TRUE,FALSE,92,1,0,0,"Hyundai ""Deprogramming"""
2011,Hynudai,FALSE,FALSE,FALSE,FALSE,FALSE,FALSE,FALSE,56,0,0,0,Hyundai - Anachronistic City.mp4
2011,Bud Light,TRUE,TRUE,FALSE,FALSE,FALSE,TRUE,FALSE,350,1,1,0,Bud Light - Dog Sitter - Super Bowl Commercial
2012,Doritos,TRUE,TRUE,FALSE,FALSE,FALSE,FALSE,FALSE,176373378,275362,92990,1234,Doritos Sling Baby
2012,Coca-Cola,FALSE,TRUE,FALSE,FALSE,TRUE,TRUE,FALSE,22849816,92333,42386,592,"Coke 2012 Commercial: ""Catch"" starring NE_Bear"
2012,Pepsi,FALSE,TRUE,FALSE,TRUE,FALSE,FALSE,FALSE,582575,1526,138,304,Super Bowl 2012 Commercial: Pepsi - King's Court
2012,Budweiser,FALSE,TRUE,TRUE,FALSE,FALSE,TRUE,TRUE,220292,572,100,271,"The Cult "" She Sells Sanctuary"" - Budweiser: 'Eternal Optimism' Ad"
2012,NFL,FALSE,TRUE,FALSE,TRUE,FALSE,FALSE,FALSE,403641,1980,42,206,NFL Timeline
2012,Toyota,TRUE,TRUE,FALSE,FALSE,TRUE,TRUE,TRUE,116294,1153,13,56,Toyota Camry 2012 Super Bowl Commercial shows Reinvented Possibilities
2012,Kia,TRUE,FALSE,FALSE,TRUE,FALSE,FALSE,TRUE,56257,396,5,42,A Dream Car. For Real Life - 2012 Kia Optima Big Game Full Commercial - Extended Version
2012,Bud Light,FALSE,TRUE,FALSE,FALSE,FALSE,FALSE,FALSE,21314,29,5,14,Bud Light Platinum - Factory 2012 Super Bowl Commercial
2012,Doritos,TRUE,FALSE,FALSE,FALSE,TRUE,TRUE,FALSE,86928,130,12,6,Doritos Crash the Superbowl Winner 2012 - Man's Best Friend
2012,Coca-Cola,FALSE,TRUE,FALSE,FALSE,FALSE,TRUE,FALSE,10925,71,18,3,"Coke 2012 Commercial - Coca-Cola Open Happiness - ""Superstition"""
2012,Coca-Cola,FALSE,TRUE,FALSE,FALSE,FALSE,TRUE,FALSE,15776,63,4,2,Coke Coca Cola Polar Bears Super Bowl Open Happiness Campaign 'Argh' TVC Commercial Advert in 2012
2012,E-Trade,TRUE,FALSE,FALSE,FALSE,FALSE,FALSE,FALSE,21,0,0,0,Etrade (2012) Fatherhood
2012,Hynudai,TRUE,TRUE,FALSE,FALSE,TRUE,FALSE,FALSE,1264,2,0,0,Hyundai Genesis Coupe 2012 commercial
2012,Budweiser,FALSE,TRUE,TRUE,FALSE,FALSE,TRUE,FALSE,10,0,0,0,Budweiser Return of the King 2012 Super Bowl commercial
2012,Bud Light,TRUE,TRUE,FALSE,FALSE,FALSE,TRUE,TRUE,14579,42,1,0,Bud Light - Rescue Dog
2013,Doritos,TRUE,TRUE,FALSE,FALSE,FALSE,TRUE,FALSE,576696,2541,94,150,2013 SuperBowl XLVII Doritos Goat 4 Sale Commercial
2013,Budweiser,FALSE,TRUE,FALSE,FALSE,FALSE,TRUE,FALSE,246619,2225,64,67,"The Clydesdales ""Brotherhood"" - 2013 Budweiser Super Bowl  [Commercial]"
2013,Kia,TRUE,TRUE,FALSE,FALSE,TRUE,FALSE,TRUE,28847,154,10,30,"Kia 'Hot Bots' - 2014 Kia Forte Super Bowl XLVII Car Ad (HD) ""Respect the tech"" - Official TV Spot"
2013,Hynudai,TRUE,TRUE,FALSE,FALSE,TRUE,TRUE,FALSE,4302,22,0,2,Hyundai Sonata Turbo Super Bowl Commercial 2013
2013,Hynudai,FALSE,FALSE,FALSE,FALSE,FALSE,TRUE,FALSE,3667,7,2,1,Super Bowl 2013 - Hyundai - Epic Playdate
2013,Kia,TRUE,FALSE,FALSE,FALSE,FALSE,TRUE,TRUE,10338,39,2,1,"KIA SORENTO ""SPACE BABIES"""
2013,Bud Light,TRUE,TRUE,FALSE,TRUE,FALSE,FALSE,FALSE,394,1,0,0,Super Bowl Ad 2013 Bud Light Journey Stevie Wonder
2013,Budweiser,FALSE,TRUE,FALSE,FALSE,FALSE,FALSE,TRUE,236,1,0,0,Budweiser Black Crown - Celebration - Super Bowl 2013 Ads
2013,Pepsi,TRUE,FALSE,FALSE,FALSE,FALSE,FALSE,TRUE,987,2,0,0,Pepsi Super Bowl Commercial TV AD 2013 Party HD
2013,Hynudai,FALSE,TRUE,FALSE,FALSE,FALSE,FALSE,FALSE,1190,5,0,0,2013 Hyundai Genesis Super Bowl 2013 Commercial 'Excited'
2013,Budweiser,FALSE,TRUE,FALSE,FALSE,FALSE,FALSE,TRUE,1171,5,2,0,"Budweiser Black Crown ""Coronation"" - 2013 Super Bowl Commercial"
2014,Doritos,TRUE,TRUE,FALSE,FALSE,FALSE,TRUE,FALSE,7952240,18729,1430,607,Doritos Time Machine - Crash the Super Bowl 2014 WINNER OFFICIAL
2014,Coca-Cola,FALSE,TRUE,TRUE,FALSE,FALSE,TRUE,FALSE,92878,450,88,139,"Coca Cola Super Bowl Commercial 2014 ""Its Beautiful"" HD 720p"
2014,Bud Light,FALSE,TRUE,FALSE,TRUE,FALSE,TRUE,TRUE,134186,405,27,29,Bud Light Super Bowl 2014 Commercial - FULL VERSION
2014,Toyota,TRUE,TRUE,FALSE,TRUE,FALSE,TRUE,FALSE,25834,140,5,18,Toyota Highlander - Big Game Ad Starring Terry Crews and the Muppets 2014
2014,Kia,FALSE,FALSE,FALSE,TRUE,TRUE,FALSE,FALSE,17209,198,2,10,'The Truth'   Official Kia Quoris Morpheus Big Game Commercial 2014
2014,Budweiser,FALSE,FALSE,TRUE,FALSE,FALSE,TRUE,FALSE,81183,232,38,10,"Budweiser Puppy Commercial - Budweiser super bowl commercial 2014 ""Puppy love"" [EXTENDED]"
2014,Doritos,TRUE,TRUE,FALSE,FALSE,TRUE,TRUE,FALSE,10929,37,3,5,2014 Doritos Cowboy Kid Super Bowl Commercial
2014,Hynudai,TRUE,FALSE,FALSE,FALSE,TRUE,FALSE,TRUE,32557,202,7,5,Cool Hyundai Super Bowl Commercial (2014) Dad's Sixth Sense - Hyundai Genesis
2014,Bud Light,FALSE,TRUE,FALSE,FALSE,FALSE,FALSE,FALSE,9649,32,2,1,Cool Twist   2014 Super Bowl XLVIII Commercial  Bud Light
2014,Hynudai,TRUE,TRUE,FALSE,TRUE,TRUE,FALSE,TRUE,1874,20,0,0,Nice - Hyundai Elantra - Super Bowl Commercial 2014
2014,Coca-Cola,TRUE,FALSE,FALSE,FALSE,FALSE,FALSE,FALSE,3900,14,3,0,"Coca Cola Super Bowl Commercial 2014 ""Going all the Way"""
2015,Doritos,TRUE,TRUE,TRUE,FALSE,FALSE,TRUE,FALSE,1274288,2031,149,201,When Pigs Fly - Doritos Crash the Super Bowl 2015 WINNER OFFICAL
2015,Doritos,TRUE,FALSE,FALSE,FALSE,FALSE,FALSE,TRUE,2319854,2746,203,184,Middle Seat - Doritos Crash the Super Bowl 2015 WINNER OFFICIAL
2015,Budweiser,FALSE,TRUE,TRUE,FALSE,TRUE,TRUE,FALSE,491630,2327,37,104,2015 Budweiser Super Bowl XLIX Commercial Lost Dog Puppy BestBuds  TV Ad Spot
2015,Coca-Cola,FALSE,FALSE,FALSE,FALSE,FALSE,FALSE,FALSE,48617,331,18,42,Coca-Cola: 'Make It Happy'
2015,Toyota,FALSE,TRUE,TRUE,FALSE,FALSE,FALSE,FALSE,32091,266,6,15,New Toyota Camry - My Bold Dad | Commercial USA 2015
2015,Budweiser,FALSE,TRUE,TRUE,FALSE,FALSE,TRUE,FALSE,79,0,0,0,Budweiser Brewed The Hard Way Commercial
2015,Pepsi,FALSE,TRUE,FALSE,FALSE,FALSE,TRUE,FALSE,998,3,0,0,Pepsi Super Bowl 2015  Halftime Touches Down Official   Hyped for Halftime   Pepsi
2015,Budweiser,TRUE,TRUE,FALSE,FALSE,TRUE,TRUE,FALSE,7621,14,2,0,Budweiser USA  #BestBuds   2015 Budweiser Clydesdale Beer Run
2016,NFL,FALSE,FALSE,TRUE,TRUE,FALSE,FALSE,FALSE,4921309,20690,2015,1828,“Super Bowl Babies Choir” feat. Seal | Music Video
2016,Coca-Cola,TRUE,TRUE,FALSE,TRUE,TRUE,FALSE,FALSE,6428474,58957,2673,813,Hulk vs. Ant-Man - Coca-Cola: Coke Mini
2016,Doritos,TRUE,TRUE,FALSE,FALSE,FALSE,TRUE,FALSE,1214968,2534,60,226,Doritos Dogs - Crash the Super Bowl 2016 WINNER OFFICIAL
2016,Hynudai,TRUE,FALSE,FALSE,TRUE,FALSE,FALSE,FALSE,156718,1243,24,57,First Date – Hyundai Super Bowl 2016 Commercial  Kevin Hart
2016,Pepsi,FALSE,FALSE,FALSE,TRUE,FALSE,FALSE,FALSE,40818,320,19,13,"Greatest SuperBowl Ads, Pepsi Cola Ad"
2016,Kia,TRUE,FALSE,FALSE,TRUE,FALSE,FALSE,FALSE,14395,86,1,6,Kia - Beige Socks (Christopher Walken) Super Bowl Commercial
2016,Hynudai,TRUE,TRUE,FALSE,TRUE,FALSE,TRUE,TRUE,11074,91,5,3,Hyundai Super Bowl - Ryanville - All New Elantra
2016,Hynudai,TRUE,FALSE,FALSE,FALSE,TRUE,TRUE,FALSE,5049,40,3,1,Super Bowl 2016: Hyundai Chase Ad
2016,Budweiser,FALSE,TRUE,FALSE,TRUE,FALSE,FALSE,FALSE,136,0,0,0,Budweiser The Best Super Bowl 2016 Commercial  Ad
2017,Budweiser,FALSE,FALSE,TRUE,FALSE,TRUE,FALSE,FALSE,28785122,48423,17113,9190,Budweiser 2017 Super Bowl Commercial | “Born The Hard Way”
2017,NFL,FALSE,TRUE,TRUE,TRUE,FALSE,FALSE,FALSE,310443,2215,323,376,Inside These Lines
2017,NFL,FALSE,TRUE,FALSE,FALSE,FALSE,FALSE,FALSE,865781,2315,130,162,Super Bowl Baby Legends | Who’s Next? | Football is Family
2017,Kia,TRUE,FALSE,FALSE,TRUE,TRUE,TRUE,FALSE,87687,589,22,32,2017 Kia Niro  “Hero’s Journey” Starring Melissa McCarthy
2017,Hynudai,FALSE,FALSE,TRUE,FALSE,FALSE,FALSE,FALSE,907,8,0,1,A Better Super Bowl | NFL Hyundai Super Bowl LI
2018,NFL,TRUE,TRUE,FALSE,TRUE,FALSE,FALSE,FALSE,3464175,20508,556,1373,Touchdown Celebrations to Come | NFL | Super Bowl LII Commercial
2018,Pepsi,FALSE,TRUE,TRUE,TRUE,FALSE,FALSE,FALSE,669906,2849,181,324,"Pepsi Super Bowl Commercial 2018 Cindy Crawford, Britney Spears"
2018,Toyota,TRUE,TRUE,TRUE,FALSE,FALSE,FALSE,FALSE,353513,1448,222,231,Toyota Super Bowl 2018 Commercial (one team)
2018,Bud Light,TRUE,TRUE,FALSE,FALSE,TRUE,TRUE,FALSE,33766,144,23,17,Bud Light Legends - Bud Knight
2018,Doritos,TRUE,TRUE,FALSE,TRUE,FALSE,FALSE,FALSE,23327,333,6,16,Doritos Blaze VS Mountain Dew 2018 Super Bowl Commercial - Morgan Freeman
2018,E-Trade,TRUE,FALSE,TRUE,FALSE,FALSE,FALSE,TRUE,34440,178,11,15,"ETrade ""This Is Getting Old"" 2018 Super Bowl Commercial"
2018,Bud Light,TRUE,TRUE,FALSE,FALSE,TRUE,TRUE,FALSE,41441,224,7,9,Bud Light | Battle Pep Talk Dilly Dilly
2018,Budweiser,FALSE,FALSE,TRUE,FALSE,FALSE,FALSE,FALSE,39897,138,8,8,Budweiser 2018 Super Bowl Commercial  “Stand By You”
2018,Coca-Cola,FALSE,TRUE,FALSE,TRUE,FALSE,FALSE,FALSE,301,2,0,1,"Life is Short, Have a Diet Coke   Because I Can Diet Coke"
2018,Hynudai,FALSE,TRUE,FALSE,FALSE,FALSE,FALSE,FALSE,198,2,0,0,Hyundai / Hope Detector (2018)
2018,Coca-Cola,FALSE,TRUE,FALSE,FALSE,FALSE,FALSE,TRUE,179,1,0,0,"Diet Coke Twisted Mango Super Bowl 2018 TV Commercial, 'Groove' Ft  Hayley Magnus"
2018,Kia,FALSE,FALSE,FALSE,TRUE,FALSE,FALSE,FALSE,16399,219,3,0,2018 Kia Commercial - Steven Tyler Big Game Ad - Feel Something Again
2019,Bud Light,TRUE,TRUE,FALSE,FALSE,TRUE,TRUE,FALSE,7658201,94799,12789,7431,Game of Thrones X Bud Light | Official Super Bowl LIII Ad | Extended Version | HBO
2019,NFL,TRUE,TRUE,FALSE,TRUE,FALSE,FALSE,FALSE,77720,680,15,82,Ad Meter 2019: NFL
2019,Pepsi,TRUE,TRUE,FALSE,TRUE,FALSE,FALSE,TRUE,69050,773,37,65,Pepsi: More Than OK
2019,Coca-Cola,FALSE,TRUE,TRUE,FALSE,FALSE,TRUE,FALSE,81952,417,56,53,Commercial Ads 2019 - Coca Cola - A Coke is a Coke - Super Bowl 2019
2019,Doritos,FALSE,TRUE,FALSE,TRUE,FALSE,FALSE,FALSE,41828,683,14,46,Doritos Super Bowl commercial with Chance the Rapper & Backstreet Boys
2019,Pepsi,TRUE,TRUE,FALSE,TRUE,FALSE,FALSE,FALSE,128792,961,15,35,Michael Buble vs Bubly Super Bowl 2019 Commercial
2019,Bud Light,TRUE,TRUE,FALSE,FALSE,FALSE,FALSE,FALSE,36683,65,117,32,Ad Meter 2019: Bud Light Medieval Barbers
2019,Toyota,FALSE,TRUE,FALSE,FALSE,FALSE,FALSE,FALSE,6713,68,5,29,2020 Toyota Supra 2019 Pinball Wizard themed Super Bowl advertisement
2019,Toyota,FALSE,TRUE,FALSE,FALSE,FALSE,FALSE,FALSE,4873,32,14,5,Toyota: RAV4 Hybrid featuring Toni Harris - 2019 Super Bowl Commercial
2019,Bud Light,TRUE,TRUE,FALSE,FALSE,FALSE,FALSE,FALSE,125,2,0,0,Bud Light When the Trojan horse goes wrong Commercial
2019,Kia,FALSE,FALSE,TRUE,FALSE,FALSE,FALSE,FALSE,518,2,1,0,Commercial Ads 2019 - KIA - The Great Unknowns – What If?
2019,Hynudai,TRUE,FALSE,TRUE,TRUE,FALSE,FALSE,FALSE,38968,216,15,0,Ad Meter 2019: Hyundai
2020,NFL,FALSE,FALSE,TRUE,TRUE,FALSE,FALSE,FALSE,26727063,175429,7445,8441,NEXT 100  || NFL Super Bowl LIV Commercial
2020,Doritos,TRUE,TRUE,FALSE,TRUE,TRUE,TRUE,FALSE,1990447,10717,576,319,"Doritos Super Bowl Commercial 2020 Lil Nas X, Sam Elliott The Cool Ranch"
2020,Coca-Cola,TRUE,FALSE,FALSE,TRUE,FALSE,TRUE,FALSE,304254,1470,384,227,Coca-Cola Energy - Show Up ft. Jonah Hill & Martin Scorsese
2020,Hynudai,TRUE,TRUE,FALSE,TRUE,FALSE,TRUE,FALSE,38385,342,7,30,Hyundai: Super Bowl Commercial - Smaht Pahk
2020,Pepsi,FALSE,TRUE,FALSE,TRUE,FALSE,FALSE,FALSE,29219,146,38,29,Pepsi | Zero Sugar | SuperBowl Commercials 2020
2020,Bud Light,TRUE,TRUE,FALSE,TRUE,TRUE,FALSE,FALSE,47752,485,14,14,Bud Light: Post Malone #PostyStore Inside Post's Brain
2020,Toyota,TRUE,TRUE,FALSE,TRUE,TRUE,TRUE,FALSE,23636,115,11,13,Toyota Super Bowl Commercial 2020 Cobie Smulders Heroes
2020,Kia,FALSE,FALSE,FALSE,TRUE,FALSE,FALSE,FALSE,17892,78,6,6,"Kia Seltos Super Bowl 2020 TV Commercial, 'Tough Never Quits'"
2020,Budweiser,FALSE,TRUE,TRUE,TRUE,TRUE,FALSE,FALSE,782,7,0,0,Budweiser - Typical American
